timestamp,route,airline,flight_number,departure_date,lead_days,base_fare,taxes_fees,total_fare,date,lead_window,source
2026-09-10T08:20:00+0530,BLR-HYD,SpiceJet,SG 356,2026-09-11,1,5330,940,6270,2026-09-10,T+1,historical
2026-09-10T08:20:00+0530,BLR-HYD,IndiGo,6E 715,2026-09-11,1,5380,950,6330,2026-09-10,T+1,historical
2026-09-10T08:20:00+0530,BLR-HYD,Akasa Air,QP 282,2026-09-11,1,5920,1050,6970,2026-09-10,T+1,historical
2026-09-10T08:20:00+0530,BLR-HYD,SpiceJet,SG 356,2026-09-17,7,3760,660,4420,2026-09-10,T+7,historical
2026-09-10T08:20:00+0530,BLR-HYD,IndiGo,6E 715,2026-09-17,7,3940,690,4630,2026-09-10,T+7,historical
2026-09-10T08:20:00+0530,BLR-HYD,Akasa Air,QP 282,2026-09-17,7,3980,700,4680,2026-09-10,T+7,historical
2026-09-10T08:20:00+0530,BLR-HYD,SpiceJet,SG 356,2026-09-25,15,3270,580,3850,2026-09-10,T+15,historical
2026-09-10T08:20:00+0530,BLR-HYD,IndiGo,6E 715,2026-09-25,15,3800,670,4470,2026-09-10,T+15,historical
2026-09-10T08:20:00+0530,BLR-HYD,Akasa Air,QP 282,2026-09-25,15,3940,700,4640,2026-09-10,T+15,historical
2026-09-10T08:20:00+0530,BOM-BLR,SpiceJet,SG 797,2026-09-11,1,6600,1160,7760,2026-09-10,T+1,historical
2026-09-10T08:20:00+0530,BOM-BLR,Akasa Air,QP 623,2026-09-11,1,6730,1190,7920,2026-09-10,T+1,historical
2026-09-10T08:20:00+0530,BOM-BLR,Air India Express,IX 694,2026-09-11,1,6900,1220,8120,2026-09-10,T+1,historical
2026-09-10T08:20:00+0530,BOM-BLR,IndiGo,6E 519,2026-09-17,7,5600,990,6590,2026-09-10,T+7,historical
2026-09-10T08:20:00+0530,BOM-BLR,Air India Express,IX 694,2026-09-17,7,5630,990,6620,2026-09-10,T+7,historical
2026-09-10T08:20:00+0530,BOM-BLR,SpiceJet,SG 797,2026-09-17,7,5770,1020,6790,2026-09-10,T+7,historical
2026-09-10T08:20:00+0530,BOM-BLR,SpiceJet,SG 797,2026-09-25,15,4680,830,5510,2026-09-10,T+15,historical
2026-09-10T08:20:00+0530,BOM-BLR,IndiGo,6E 519,2026-09-25,15,4810,850,5660,2026-09-10,T+15,historical
2026-09-10T08:20:00+0530,BOM-BLR,Air India Express,IX 694,2026-09-25,15,4840,850,5690,2026-09-10,T+15,historical
2026-09-10T08:20:00+0530,DEL-BLR,SpiceJet,SG 307,2026-09-11,1,9270,1640,10910,2026-09-10,T+1,historical
2026-09-10T08:20:00+0530,DEL-BLR,Akasa Air,QP 666,2026-09-11,1,9940,1760,11700,2026-09-10,T+1,historical
2026-09-10T08:20:00+0530,DEL-BLR,Air India Express,IX 236,2026-09-11,1,10190,1800,11990,2026-09-10,T+1,historical
2026-09-10T08:20:00+0530,DEL-BLR,IndiGo,6E 342,2026-09-17,7,6980,1230,8210,2026-09-10,T+7,historical
2026-09-10T08:20:00+0530,DEL-BLR,Air India Express,IX 236,2026-09-17,7,7170,1260,8430,2026-09-10,T+7,historical
2026-09-10T08:20:00+0530,DEL-BLR,SpiceJet,SG 307,2026-09-17,7,7180,1270,8450,2026-09-10,T+7,historical
2026-09-10T08:20:00+0530,DEL-BLR,SpiceJet,SG 307,2026-09-25,15,6260,1110,7370,2026-09-10,T+15,historical
2026-09-10T08:20:00+0530,DEL-BLR,Air India Express,IX 236,2026-09-25,15,6280,1110,7390,2026-09-10,T+15,historical
2026-09-10T08:20:00+0530,DEL-BLR,IndiGo,6E 342,2026-09-25,15,6460,1140,7600,2026-09-10,T+15,historical
2026-09-10T08:20:00+0530,DEL-BOM,SpiceJet,SG 202,2026-09-11,1,7820,1380,9200,2026-09-10,T+1,historical
2026-09-10T08:20:00+0530,DEL-BOM,IndiGo,6E 647,2026-09-11,1,8190,1440,9630,2026-09-10,T+1,historical
2026-09-10T08:20:00+0530,DEL-BOM,Air India Express,IX 966,2026-09-11,1,8190,1450,9640,2026-09-10,T+1,historical
2026-09-10T08:20:00+0530,DEL-BOM,SpiceJet,SG 202,2026-09-17,7,5490,970,6460,2026-09-10,T+7,historical
2026-09-10T08:20:00+0530,DEL-BOM,Air India Express,IX 966,2026-09-17,7,5520,970,6490,2026-09-10,T+7,historical
2026-09-10T08:20:00+0530,DEL-BOM,IndiGo,6E 647,2026-09-17,7,5530,980,6510,2026-09-10,T+7,historical
2026-09-10T08:20:00+0530,DEL-BOM,Air India Express,IX 966,2026-09-25,15,4580,810,5390,2026-09-10,T+15,historical
2026-09-10T08:20:00+0530,DEL-BOM,SpiceJet,SG 202,2026-09-25,15,4870,860,5730,2026-09-10,T+15,historical
2026-09-10T08:20:00+0530,DEL-BOM,IndiGo,6E 647,2026-09-25,15,5180,920,6100,2026-09-10,T+15,historical
2026-09-10T08:20:00+0530,DEL-CCU,SpiceJet,SG 633,2026-09-11,1,8370,1480,9850,2026-09-10,T+1,historical
2026-09-10T08:20:00+0530,DEL-CCU,Air India Express,IX 988,2026-09-11,1,8520,1500,10020,2026-09-10,T+1,historical
2026-09-10T08:20:00+0530,DEL-CCU,IndiGo,6E 747,2026-09-11,1,9150,1610,10760,2026-09-10,T+1,historical
2026-09-10T08:20:00+0530,DEL-CCU,SpiceJet,SG 633,2026-09-17,7,6070,1070,7140,2026-09-10,T+7,historical
2026-09-10T08:20:00+0530,DEL-CCU,Air India Express,IX 988,2026-09-17,7,6150,1080,7230,2026-09-10,T+7,historical
2026-09-10T08:20:00+0530,DEL-CCU,IndiGo,6E 747,2026-09-17,7,6760,1190,7950,2026-09-10,T+7,historical
2026-09-10T08:20:00+0530,DEL-CCU,Air India Express,IX 988,2026-09-25,15,4720,830,5550,2026-09-10,T+15,historical
2026-09-10T08:20:00+0530,DEL-CCU,SpiceJet,SG 633,2026-09-25,15,5050,890,5940,2026-09-10,T+15,historical
2026-09-10T08:20:00+0530,DEL-CCU,IndiGo,6E 747,2026-09-25,15,5240,920,6160,2026-09-10,T+15,historical
2026-09-11T08:20:00+0530,BLR-HYD,SpiceJet,SG 979,2026-09-12,1,6250,1100,7350,2026-09-11,T+1,historical
2026-09-11T08:20:00+0530,BLR-HYD,IndiGo,6E 443,2026-09-12,1,6470,1140,7610,2026-09-11,T+1,historical
2026-09-11T08:20:00+0530,BLR-HYD,Air India,AI 825,2026-09-12,1,6890,1220,8110,2026-09-11,T+1,historical
2026-09-11T08:20:00+0530,BLR-HYD,SpiceJet,SG 979,2026-09-18,7,4370,770,5140,2026-09-11,T+7,historical
2026-09-11T08:20:00+0530,BLR-HYD,IndiGo,6E 443,2026-09-18,7,4460,790,5250,2026-09-11,T+7,historical
2026-09-11T08:20:00+0530,BLR-HYD,Akasa Air,QP 955,2026-09-18,7,4690,830,5520,2026-09-11,T+7,historical
2026-09-11T08:20:00+0530,BLR-HYD,SpiceJet,SG 979,2026-09-26,15,4190,740,4930,2026-09-11,T+15,historical
2026-09-11T08:20:00+0530,BLR-HYD,IndiGo,6E 443,2026-09-26,15,4210,740,4950,2026-09-11,T+15,historical
2026-09-11T08:20:00+0530,BLR-HYD,Akasa Air,QP 955,2026-09-26,15,4670,820,5490,2026-09-11,T+15,historical
2026-09-11T08:20:00+0530,BOM-BLR,IndiGo,6E 337,2026-09-12,1,8050,1420,9470,2026-09-11,T+1,historical
2026-09-11T08:20:00+0530,BOM-BLR,SpiceJet,SG 760,2026-09-12,1,8240,1450,9690,2026-09-11,T+1,historical
2026-09-11T08:20:00+0530,BOM-BLR,Air India Express,IX 907,2026-09-12,1,8400,1480,9880,2026-09-11,T+1,historical
2026-09-11T08:20:00+0530,BOM-BLR,Air India Express,IX 907,2026-09-18,7,5970,1050,7020,2026-09-11,T+7,historical
2026-09-11T08:20:00+0530,BOM-BLR,Akasa Air,QP 393,2026-09-18,7,6050,1070,7120,2026-09-11,T+7,historical
2026-09-11T08:20:00+0530,BOM-BLR,SpiceJet,SG 760,2026-09-18,7,6190,1090,7280,2026-09-11,T+7,historical
2026-09-11T08:20:00+0530,BOM-BLR,Air India Express,IX 907,2026-09-26,15,4620,820,5440,2026-09-11,T+15,historical
2026-09-11T08:20:00+0530,BOM-BLR,SpiceJet,SG 760,2026-09-26,15,4690,830,5520,2026-09-11,T+15,historical
2026-09-11T08:20:00+0530,BOM-BLR,Akasa Air,QP 393,2026-09-26,15,4790,840,5630,2026-09-11,T+15,historical
2026-09-11T08:20:00+0530,DEL-BLR,SpiceJet,SG 928,2026-09-12,1,11090,1960,13050,2026-09-11,T+1,historical
2026-09-11T08:20:00+0530,DEL-BLR,IndiGo,6E 459,2026-09-12,1,11240,1980,13220,2026-09-11,T+1,historical
2026-09-11T08:20:00+0530,DEL-BLR,Air India Express,IX 855,2026-09-12,1,11250,1980,13230,2026-09-11,T+1,historical
2026-09-11T08:20:00+0530,DEL-BLR,SpiceJet,SG 928,2026-09-18,7,8300,1470,9770,2026-09-11,T+7,historical
2026-09-11T08:20:00+0530,DEL-BLR,IndiGo,6E 459,2026-09-18,7,9030,1590,10620,2026-09-11,T+7,historical
2026-09-11T08:20:00+0530,DEL-BLR,Air India Express,IX 855,2026-09-18,7,9150,1620,10770,2026-09-11,T+7,historical
2026-09-11T08:20:00+0530,DEL-BLR,Air India Express,IX 855,2026-09-26,15,6070,1070,7140,2026-09-11,T+15,historical
2026-09-11T08:20:00+0530,DEL-BLR,SpiceJet,SG 928,2026-09-26,15,6420,1130,7550,2026-09-11,T+15,historical
2026-09-11T08:20:00+0530,DEL-BLR,IndiGo,6E 459,2026-09-26,15,6490,1140,7630,2026-09-11,T+15,historical
2026-09-11T08:20:00+0530,DEL-BOM,SpiceJet,SG 459,2026-09-12,1,8300,1470,9770,2026-09-11,T+1,historical
2026-09-11T08:20:00+0530,DEL-BOM,IndiGo,6E 505,2026-09-12,1,8580,1520,10100,2026-09-11,T+1,historical
2026-09-11T08:20:00+0530,DEL-BOM,Air India Express,IX 944,2026-09-12,1,9010,1590,10600,2026-09-11,T+1,historical
2026-09-11T08:20:00+0530,DEL-BOM,SpiceJet,SG 459,2026-09-18,7,6340,1120,7460,2026-09-11,T+7,historical
2026-09-11T08:20:00+0530,DEL-BOM,Air India Express,IX 944,2026-09-18,7,6500,1150,7650,2026-09-11,T+7,historical
2026-09-11T08:20:00+0530,DEL-BOM,IndiGo,6E 505,2026-09-18,7,6890,1220,8110,2026-09-11,T+7,historical
2026-09-11T08:20:00+0530,DEL-BOM,Air India Express,IX 944,2026-09-26,15,4920,870,5790,2026-09-11,T+15,historical
2026-09-11T08:20:00+0530,DEL-BOM,IndiGo,6E 505,2026-09-26,15,5010,880,5890,2026-09-11,T+15,historical
2026-09-11T08:20:00+0530,DEL-BOM,SpiceJet,SG 459,2026-09-26,15,5290,930,6220,2026-09-11,T+15,historical
2026-09-11T08:20:00+0530,DEL-CCU,SpiceJet,SG 628,2026-09-12,1,10300,1820,12120,2026-09-11,T+1,historical
2026-09-11T08:20:00+0530,DEL-CCU,IndiGo,6E 768,2026-09-12,1,10450,1840,12290,2026-09-11,T+1,historical
2026-09-11T08:20:00+0530,DEL-CCU,Akasa Air,QP 642,2026-09-12,1,10510,1850,12360,2026-09-11,T+1,historical
2026-09-11T08:20:00+0530,DEL-CCU,IndiGo,6E 768,2026-09-18,7,6500,1150,7650,2026-09-11,T+7,historical
2026-09-11T08:20:00+0530,DEL-CCU,Air India Express,IX 951,2026-09-18,7,6620,1170,7790,2026-09-11,T+7,historical
2026-09-11T08:20:00+0530,DEL-CCU,SpiceJet,SG 628,2026-09-18,7,6750,1190,7940,2026-09-11,T+7,historical
2026-09-11T08:20:00+0530,DEL-CCU,SpiceJet,SG 628,2026-09-26,15,5640,1000,6640,2026-09-11,T+15,historical
2026-09-11T08:20:00+0530,DEL-CCU,IndiGo,6E 768,2026-09-26,15,6140,1080,7220,2026-09-11,T+15,historical
2026-09-11T08:20:00+0530,DEL-CCU,Air India Express,IX 951,2026-09-26,15,6140,1080,7220,2026-09-11,T+15,historical
2026-09-12T08:20:00+0530,BLR-HYD,SpiceJet,SG 621,2026-09-13,1,6430,1140,7570,2026-09-12,T+1,historical
2026-09-12T08:20:00+0530,BLR-HYD,IndiGo,6E 717,2026-09-13,1,6550,1160,7710,2026-09-12,T+1,historical
2026-09-12T08:20:00+0530,BLR-HYD,Akasa Air,QP 926,2026-09-13,1,7190,1270,8460,2026-09-12,T+1,historical
2026-09-12T08:20:00+0530,BLR-HYD,SpiceJet,SG 621,2026-09-19,7,4840,850,5690,2026-09-12,T+7,historical
2026-09-12T08:20:00+0530,BLR-HYD,IndiGo,6E 717,2026-09-19,7,5130,900,6030,2026-09-12,T+7,historical
2026-09-12T08:20:00+0530,BLR-HYD,Akasa Air,QP 926,2026-09-19,7,5250,930,6180,2026-09-12,T+7,historical
2026-09-12T08:20:00+0530,BLR-HYD,IndiGo,6E 717,2026-09-27,15,4000,700,4700,2026-09-12,T+15,historical
2026-09-12T08:20:00+0530,BLR-HYD,SpiceJet,SG 621,2026-09-27,15,4200,740,4940,2026-09-12,T+15,historical
2026-09-12T08:20:00+0530,BLR-HYD,Air India,AI 601,2026-09-27,15,4440,780,5220,2026-09-12,T+15,historical
2026-09-12T08:20:00+0530,BOM-BLR,IndiGo,6E 526,2026-09-13,1,7560,1330,8890,2026-09-12,T+1,historical
2026-09-12T08:20:00+0530,BOM-BLR,SpiceJet,SG 247,2026-09-13,1,7680,1360,9040,2026-09-12,T+1,historical
2026-09-12T08:20:00+0530,BOM-BLR,Air India Express,IX 771,2026-09-13,1,7820,1380,9200,2026-09-12,T+1,historical
2026-09-12T08:20:00+0530,BOM-BLR,IndiGo,6E 526,2026-09-19,7,5370,950,6320,2026-09-12,T+7,historical
2026-09-12T08:20:00+0530,BOM-BLR,SpiceJet,SG 247,2026-09-19,7,5610,990,6600,2026-09-12,T+7,historical
2026-09-12T08:20:00+0530,BOM-BLR,Air India Express,IX 771,2026-09-19,7,5860,1030,6890,2026-09-12,T+7,historical
2026-09-12T08:20:00+0530,BOM-BLR,SpiceJet,SG 247,2026-09-27,15,4330,760,5090,2026-09-12,T+15,historical
2026-09-12T08:20:00+0530,BOM-BLR,Air India Express,IX 771,2026-09-27,15,4850,860,5710,2026-09-12,T+15,historical
2026-09-12T08:20:00+0530,BOM-BLR,Akasa Air,QP 199,2026-09-27,15,4890,860,5750,2026-09-12,T+15,historical
2026-09-12T08:20:00+0530,DEL-BLR,SpiceJet,SG 843,2026-09-13,1,11480,2020,13500,2026-09-12,T+1,historical
2026-09-12T08:20:00+0530,DEL-BLR,Air India Express,IX 492,2026-09-13,1,11930,2110,14040,2026-09-12,T+1,historical
2026-09-12T08:20:00+0530,DEL-BLR,IndiGo,6E 285,2026-09-13,1,12220,2160,14380,2026-09-12,T+1,historical
2026-09-12T08:20:00+0530,DEL-BLR,SpiceJet,SG 843,2026-09-19,7,7160,1260,8420,2026-09-12,T+7,historical
2026-09-12T08:20:00+0530,DEL-BLR,IndiGo,6E 285,2026-09-19,7,7610,1340,8950,2026-09-12,T+7,historical
2026-09-12T08:20:00+0530,DEL-BLR,Air India Express,IX 492,2026-09-19,7,7670,1350,9020,2026-09-12,T+7,historical
2026-09-12T08:20:00+0530,DEL-BLR,SpiceJet,SG 843,2026-09-27,15,7010,1240,8250,2026-09-12,T+15,historical
2026-09-12T08:20:00+0530,DEL-BLR,Air India Express,IX 492,2026-09-27,15,7250,1280,8530,2026-09-12,T+15,historical
2026-09-12T08:20:00+0530,DEL-BLR,IndiGo,6E 285,2026-09-27,15,7410,1310,8720,2026-09-12,T+15,historical
2026-09-12T08:20:00+0530,DEL-BOM,SpiceJet,SG 272,2026-09-13,1,7890,1390,9280,2026-09-12,T+1,historical
2026-09-12T08:20:00+0530,DEL-BOM,Air India Express,IX 904,2026-09-13,1,7980,1410,9390,2026-09-12,T+1,historical
2026-09-12T08:20:00+0530,DEL-BOM,IndiGo,6E 367,2026-09-13,1,8430,1490,9920,2026-09-12,T+1,historical
2026-09-12T08:20:00+0530,DEL-BOM,SpiceJet,SG 272,2026-09-19,7,6540,1150,7690,2026-09-12,T+7,historical
2026-09-12T08:20:00+0530,DEL-BOM,Akasa Air,QP 752,2026-09-19,7,6660,1170,7830,2026-09-12,T+7,historical
2026-09-12T08:20:00+0530,DEL-BOM,IndiGo,6E 367,2026-09-19,7,6730,1190,7920,2026-09-12,T+7,historical
2026-09-12T08:20:00+0530,DEL-BOM,Akasa Air,QP 752,2026-09-27,15,5890,1040,6930,2026-09-12,T+15,historical
2026-09-12T08:20:00+0530,DEL-BOM,SpiceJet,SG 272,2026-09-27,15,6010,1060,7070,2026-09-12,T+15,historical
2026-09-12T08:20:00+0530,DEL-BOM,IndiGo,6E 367,2026-09-27,15,6080,1070,7150,2026-09-12,T+15,historical
2026-09-12T08:20:00+0530,DEL-CCU,Air India Express,IX 186,2026-09-13,1,9510,1680,11190,2026-09-12,T+1,historical
2026-09-12T08:20:00+0530,DEL-CCU,SpiceJet,SG 609,2026-09-13,1,9670,1710,11380,2026-09-12,T+1,historical
2026-09-12T08:20:00+0530,DEL-CCU,IndiGo,6E 115,2026-09-13,1,9820,1730,11550,2026-09-12,T+1,historical
2026-09-12T08:20:00+0530,DEL-CCU,Air India Express,IX 186,2026-09-19,7,7200,1270,8470,2026-09-12,T+7,historical
2026-09-12T08:20:00+0530,DEL-CCU,SpiceJet,SG 609,2026-09-19,7,7340,1290,8630,2026-09-12,T+7,historical
2026-09-12T08:20:00+0530,DEL-CCU,Akasa Air,QP 651,2026-09-19,7,7560,1330,8890,2026-09-12,T+7,historical
2026-09-12T08:20:00+0530,DEL-CCU,SpiceJet,SG 609,2026-09-27,15,6020,1060,7080,2026-09-12,T+15,historical
2026-09-12T08:20:00+0530,DEL-CCU,Air India Express,IX 186,2026-09-27,15,6100,1080,7180,2026-09-12,T+15,historical
2026-09-12T08:20:00+0530,DEL-CCU,IndiGo,6E 115,2026-09-27,15,6350,1120,7470,2026-09-12,T+15,historical
2026-09-13T08:20:00+0530,BLR-HYD,SpiceJet,SG 556,2026-09-14,1,6060,1070,7130,2026-09-13,T+1,historical
2026-09-13T08:20:00+0530,BLR-HYD,Akasa Air,QP 164,2026-09-14,1,6600,1160,7760,2026-09-13,T+1,historical
2026-09-13T08:20:00+0530,BLR-HYD,IndiGo,6E 929,2026-09-14,1,7030,1240,8270,2026-09-13,T+1,historical
2026-09-13T08:20:00+0530,BLR-HYD,SpiceJet,SG 556,2026-09-20,7,4200,740,4940,2026-09-13,T+7,historical
2026-09-13T08:20:00+0530,BLR-HYD,Akasa Air,QP 164,2026-09-20,7,4530,800,5330,2026-09-13,T+7,historical
2026-09-13T08:20:00+0530,BLR-HYD,IndiGo,6E 929,2026-09-20,7,4660,820,5480,2026-09-13,T+7,historical
2026-09-13T08:20:00+0530,BLR-HYD,SpiceJet,SG 556,2026-09-28,15,3770,670,4440,2026-09-13,T+15,historical
2026-09-13T08:20:00+0530,BLR-HYD,Akasa Air,QP 164,2026-09-28,15,3800,670,4470,2026-09-13,T+15,historical
2026-09-13T08:20:00+0530,BLR-HYD,IndiGo,6E 929,2026-09-28,15,3820,680,4500,2026-09-13,T+15,historical
2026-09-13T08:20:00+0530,BOM-BLR,IndiGo,6E 668,2026-09-14,1,8270,1460,9730,2026-09-13,T+1,historical
2026-09-13T08:20:00+0530,BOM-BLR,SpiceJet,SG 382,2026-09-14,1,8420,1490,9910,2026-09-13,T+1,historical
2026-09-13T08:20:00+0530,BOM-BLR,Akasa Air,QP 681,2026-09-14,1,8450,1490,9940,2026-09-13,T+1,historical
2026-09-13T08:20:00+0530,BOM-BLR,Air India Express,IX 379,2026-09-20,7,5310,940,6250,2026-09-13,T+7,historical
2026-09-13T08:20:00+0530,BOM-BLR,IndiGo,6E 668,2026-09-20,7,5370,950,6320,2026-09-13,T+7,historical
2026-09-13T08:20:00+0530,BOM-BLR,SpiceJet,SG 382,2026-09-20,7,5420,960,6380,2026-09-13,T+7,historical
2026-09-13T08:20:00+0530,BOM-BLR,Air India Express,IX 379,2026-09-28,15,4850,860,5710,2026-09-13,T+15,historical
2026-09-13T08:20:00+0530,BOM-BLR,SpiceJet,SG 382,2026-09-28,15,5000,880,5880,2026-09-13,T+15,historical
2026-09-13T08:20:00+0530,BOM-BLR,Akasa Air,QP 681,2026-09-28,15,5230,920,6150,2026-09-13,T+15,historical
2026-09-13T08:20:00+0530,DEL-BLR,Air India Express,IX 132,2026-09-14,1,10430,1840,12270,2026-09-13,T+1,historical
2026-09-13T08:20:00+0530,DEL-BLR,SpiceJet,SG 499,2026-09-14,1,10980,1940,12920,2026-09-13,T+1,historical
2026-09-13T08:20:00+0530,DEL-BLR,IndiGo,6E 237,2026-09-14,1,11110,1960,13070,2026-09-13,T+1,historical
2026-09-13T08:20:00+0530,DEL-BLR,SpiceJet,SG 499,2026-09-20,7,6790,1200,7990,2026-09-13,T+7,historical
2026-09-13T08:20:00+0530,DEL-BLR,Air India Express,IX 132,2026-09-20,7,7380,1300,8680,2026-09-13,T+7,historical
2026-09-13T08:20:00+0530,DEL-BLR,IndiGo,6E 237,2026-09-20,7,7690,1360,9050,2026-09-13,T+7,historical
2026-09-13T08:20:00+0530,DEL-BLR,Air India Express,IX 132,2026-09-28,15,6780,1200,7980,2026-09-13,T+15,historical
2026-09-13T08:20:00+0530,DEL-BLR,SpiceJet,SG 499,2026-09-28,15,6910,1220,8130,2026-09-13,T+15,historical
2026-09-13T08:20:00+0530,DEL-BLR,Akasa Air,QP 876,2026-09-28,15,7320,1290,8610,2026-09-13,T+15,historical
2026-09-13T08:20:00+0530,DEL-BOM,SpiceJet,SG 326,2026-09-14,1,7630,1350,8980,2026-09-13,T+1,historical
2026-09-13T08:20:00+0530,DEL-BOM,Air India Express,IX 281,2026-09-14,1,7740,1360,9100,2026-09-13,T+1,historical
2026-09-13T08:20:00+0530,DEL-BOM,Akasa Air,QP 631,2026-09-14,1,8140,1440,9580,2026-09-13,T+1,historical
2026-09-13T08:20:00+0530,DEL-BOM,Air India Express,IX 281,2026-09-20,7,5290,930,6220,2026-09-13,T+7,historical
2026-09-13T08:20:00+0530,DEL-BOM,SpiceJet,SG 326,2026-09-20,7,5740,1010,6750,2026-09-13,T+7,historical
2026-09-13T08:20:00+0530,DEL-BOM,IndiGo,6E 646,2026-09-20,7,5810,1030,6840,2026-09-13,T+7,historical
2026-09-13T08:20:00+0530,DEL-BOM,IndiGo,6E 646,2026-09-28,15,5440,960,6400,2026-09-13,T+15,historical
2026-09-13T08:20:00+0530,DEL-BOM,SpiceJet,SG 326,2026-09-28,15,5580,980,6560,2026-09-13,T+15,historical
2026-09-13T08:20:00+0530,DEL-BOM,Akasa Air,QP 631,2026-09-28,15,5810,1030,6840,2026-09-13,T+15,historical
2026-09-13T08:20:00+0530,DEL-CCU,SpiceJet,SG 631,2026-09-14,1,8220,1450,9670,2026-09-13,T+1,historical
2026-09-13T08:20:00+0530,DEL-CCU,IndiGo,6E 864,2026-09-14,1,8430,1490,9920,2026-09-13,T+1,historical
2026-09-13T08:20:00+0530,DEL-CCU,Air India Express,IX 973,2026-09-14,1,8680,1530,10210,2026-09-13,T+1,historical
2026-09-13T08:20:00+0530,DEL-CCU,Air India Express,IX 973,2026-09-20,7,5810,1020,6830,2026-09-13,T+7,historical
2026-09-13T08:20:00+0530,DEL-CCU,SpiceJet,SG 631,2026-09-20,7,5980,1060,7040,2026-09-13,T+7,historical
2026-09-13T08:20:00+0530,DEL-CCU,Akasa Air,QP 217,2026-09-20,7,6100,1080,7180,2026-09-13,T+7,historical
2026-09-13T08:20:00+0530,DEL-CCU,SpiceJet,SG 631,2026-09-28,15,5860,1040,6900,2026-09-13,T+15,historical
2026-09-13T08:20:00+0530,DEL-CCU,Air India Express,IX 973,2026-09-28,15,5990,1060,7050,2026-09-13,T+15,historical
2026-09-13T08:20:00+0530,DEL-CCU,IndiGo,6E 864,2026-09-28,15,6210,1100,7310,2026-09-13,T+15,historical
2026-09-14T08:20:00+0530,BLR-HYD,IndiGo,6E 179,2026-09-15,1,6100,1080,7180,2026-09-14,T+1,historical
2026-09-14T08:20:00+0530,BLR-HYD,SpiceJet,SG 145,2026-09-15,1,6210,1100,7310,2026-09-14,T+1,historical
2026-09-14T08:20:00+0530,BLR-HYD,Akasa Air,QP 718,2026-09-15,1,6670,1180,7850,2026-09-14,T+1,historical
2026-09-14T08:20:00+0530,BLR-HYD,IndiGo,6E 179,2026-09-21,7,4350,770,5120,2026-09-14,T+7,historical
2026-09-14T08:20:00+0530,BLR-HYD,SpiceJet,SG 145,2026-09-21,7,4550,800,5350,2026-09-14,T+7,historical
2026-09-14T08:20:00+0530,BLR-HYD,Akasa Air,QP 718,2026-09-21,7,4640,820,5460,2026-09-14,T+7,historical
2026-09-14T08:20:00+0530,BLR-HYD,SpiceJet,SG 145,2026-09-29,15,3450,610,4060,2026-09-14,T+15,historical
2026-09-14T08:20:00+0530,BLR-HYD,IndiGo,6E 179,2026-09-29,15,3540,630,4170,2026-09-14,T+15,historical
2026-09-14T08:20:00+0530,BLR-HYD,Akasa Air,QP 718,2026-09-29,15,3760,660,4420,2026-09-14,T+15,historical
2026-09-14T08:20:00+0530,BOM-BLR,SpiceJet,SG 733,2026-09-15,1,6370,1120,7490,2026-09-14,T+1,historical
2026-09-14T08:20:00+0530,BOM-BLR,Air India Express,IX 188,2026-09-15,1,6530,1150,7680,2026-09-14,T+1,historical
2026-09-14T08:20:00+0530,BOM-BLR,IndiGo,6E 759,2026-09-15,1,6720,1190,7910,2026-09-14,T+1,historical
2026-09-14T08:20:00+0530,BOM-BLR,SpiceJet,SG 733,2026-09-21,7,5150,910,6060,2026-09-14,T+7,historical
2026-09-14T08:20:00+0530,BOM-BLR,Air India Express,IX 188,2026-09-21,7,5410,960,6370,2026-09-14,T+7,historical
2026-09-14T08:20:00+0530,BOM-BLR,IndiGo,6E 759,2026-09-21,7,5900,1040,6940,2026-09-14,T+7,historical
2026-09-14T08:20:00+0530,BOM-BLR,SpiceJet,SG 733,2026-09-29,15,4250,750,5000,2026-09-14,T+15,historical
2026-09-14T08:20:00+0530,BOM-BLR,IndiGo,6E 759,2026-09-29,15,4350,770,5120,2026-09-14,T+15,historical
2026-09-14T08:20:00+0530,BOM-BLR,Akasa Air,QP 984,2026-09-29,15,4500,790,5290,2026-09-14,T+15,historical
2026-09-14T08:20:00+0530,DEL-BLR,Air India Express,IX 504,2026-09-15,1,9370,1650,11020,2026-09-14,T+1,historical
2026-09-14T08:20:00+0530,DEL-BLR,SpiceJet,SG 518,2026-09-15,1,9560,1690,11250,2026-09-14,T+1,historical
2026-09-14T08:20:00+0530,DEL-BLR,Akasa Air,QP 695,2026-09-15,1,10000,1770,11770,2026-09-14,T+1,historical
2026-09-14T08:20:00+0530,DEL-BLR,SpiceJet,SG 518,2026-09-21,7,7510,1330,8840,2026-09-14,T+7,historical
2026-09-14T08:20:00+0530,DEL-BLR,Air India Express,IX 504,2026-09-21,7,7850,1380,9230,2026-09-14,T+7,historical
2026-09-14T08:20:00+0530,DEL-BLR,IndiGo,6E 635,2026-09-21,7,7870,1390,9260,2026-09-14,T+7,historical
2026-09-14T08:20:00+0530,DEL-BLR,Air India Express,IX 504,2026-09-29,15,6370,1120,7490,2026-09-14,T+15,historical
2026-09-14T08:20:00+0530,DEL-BLR,Akasa Air,QP 695,2026-09-29,15,6390,1130,7520,2026-09-14,T+15,historical
2026-09-14T08:20:00+0530,DEL-BLR,SpiceJet,SG 518,2026-09-29,15,6490,1150,7640,2026-09-14,T+15,historical
2026-09-14T08:20:00+0530,DEL-BOM,Air India Express,IX 786,2026-09-15,1,8420,1480,9900,2026-09-14,T+1,historical
2026-09-14T08:20:00+0530,DEL-BOM,Akasa Air,QP 156,2026-09-15,1,8890,1570,10460,2026-09-14,T+1,historical
2026-09-14T08:20:00+0530,DEL-BOM,SpiceJet,SG 974,2026-09-15,1,8910,1570,10480,2026-09-14,T+1,historical
2026-09-14T08:20:00+0530,DEL-BOM,SpiceJet,SG 974,2026-09-21,7,6000,1060,7060,2026-09-14,T+7,historical
2026-09-14T08:20:00+0530,DEL-BOM,IndiGo,6E 769,2026-09-21,7,6200,1090,7290,2026-09-14,T+7,historical
2026-09-14T08:20:00+0530,DEL-BOM,Air India Express,IX 786,2026-09-21,7,6320,1120,7440,2026-09-14,T+7,historical
2026-09-14T08:20:00+0530,DEL-BOM,Air India Express,IX 786,2026-09-29,15,4840,860,5700,2026-09-14,T+15,historical
2026-09-14T08:20:00+0530,DEL-BOM,SpiceJet,SG 974,2026-09-29,15,4880,860,5740,2026-09-14,T+15,historical
2026-09-14T08:20:00+0530,DEL-BOM,IndiGo,6E 769,2026-09-29,15,4890,860,5750,2026-09-14,T+15,historical
2026-09-14T08:20:00+0530,DEL-CCU,Air India Express,IX 776,2026-09-15,1,8560,1510,10070,2026-09-14,T+1,historical
2026-09-14T08:20:00+0530,DEL-CCU,SpiceJet,SG 257,2026-09-15,1,8590,1520,10110,2026-09-14,T+1,historical
2026-09-14T08:20:00+0530,DEL-CCU,IndiGo,6E 257,2026-09-15,1,9430,1660,11090,2026-09-14,T+1,historical
2026-09-14T08:20:00+0530,DEL-CCU,SpiceJet,SG 257,2026-09-21,7,5470,960,6430,2026-09-14,T+7,historical
2026-09-14T08:20:00+0530,DEL-CCU,IndiGo,6E 257,2026-09-21,7,5920,1040,6960,2026-09-14,T+7,historical
2026-09-14T08:20:00+0530,DEL-CCU,Air India Express,IX 776,2026-09-21,7,6160,1090,7250,2026-09-14,T+7,historical
2026-09-14T08:20:00+0530,DEL-CCU,Air India Express,IX 776,2026-09-29,15,5010,880,5890,2026-09-14,T+15,historical
2026-09-14T08:20:00+0530,DEL-CCU,SpiceJet,SG 257,2026-09-29,15,5210,920,6130,2026-09-14,T+15,historical
2026-09-14T08:20:00+0530,DEL-CCU,Akasa Air,QP 695,2026-09-29,15,5330,940,6270,2026-09-14,T+15,historical
2026-09-15T08:20:00+0530,BLR-HYD,SpiceJet,SG 919,2026-09-16,1,6090,1070,7160,2026-09-15,T+1,historical
2026-09-15T08:20:00+0530,BLR-HYD,Akasa Air,QP 454,2026-09-16,1,6390,1130,7520,2026-09-15,T+1,historical
2026-09-15T08:20:00+0530,BLR-HYD,IndiGo,6E 538,2026-09-16,1,6400,1130,7530,2026-09-15,T+1,historical
2026-09-15T08:20:00+0530,BLR-HYD,SpiceJet,SG 919,2026-09-22,7,3910,690,4600,2026-09-15,T+7,historical
2026-09-15T08:20:00+0530,BLR-HYD,IndiGo,6E 538,2026-09-22,7,4420,780,5200,2026-09-15,T+7,historical
2026-09-15T08:20:00+0530,BLR-HYD,Akasa Air,QP 454,2026-09-22,7,4560,800,5360,2026-09-15,T+7,historical
2026-09-15T08:20:00+0530,BLR-HYD,SpiceJet,SG 919,2026-09-30,15,3070,540,3610,2026-09-15,T+15,historical
2026-09-15T08:20:00+0530,BLR-HYD,IndiGo,6E 538,2026-09-30,15,3440,610,4050,2026-09-15,T+15,historical
2026-09-15T08:20:00+0530,BLR-HYD,Akasa Air,QP 454,2026-09-30,15,3440,610,4050,2026-09-15,T+15,historical
2026-09-15T08:20:00+0530,BOM-BLR,SpiceJet,SG 899,2026-09-16,1,6600,1170,7770,2026-09-15,T+1,historical
2026-09-15T08:20:00+0530,BOM-BLR,IndiGo,6E 457,2026-09-16,1,6640,1170,7810,2026-09-15,T+1,historical
2026-09-15T08:20:00+0530,BOM-BLR,Akasa Air,QP 498,2026-09-16,1,6920,1220,8140,2026-09-15,T+1,historical
2026-09-15T08:20:00+0530,BOM-BLR,IndiGo,6E 457,2026-09-22,7,4850,860,5710,2026-09-15,T+7,historical
2026-09-15T08:20:00+0530,BOM-BLR,Air India Express,IX 356,2026-09-22,7,4870,860,5730,2026-09-15,T+7,historical
2026-09-15T08:20:00+0530,BOM-BLR,SpiceJet,SG 899,2026-09-22,7,4970,880,5850,2026-09-15,T+7,historical
2026-09-15T08:20:00+0530,BOM-BLR,SpiceJet,SG 899,2026-09-30,15,3800,670,4470,2026-09-15,T+15,historical
2026-09-15T08:20:00+0530,BOM-BLR,IndiGo,6E 457,2026-09-30,15,3880,690,4570,2026-09-15,T+15,historical
2026-09-15T08:20:00+0530,BOM-BLR,Akasa Air,QP 498,2026-09-30,15,4010,710,4720,2026-09-15,T+15,historical
2026-09-15T08:20:00+0530,DEL-BLR,SpiceJet,SG 159,2026-09-16,1,9540,1680,11220,2026-09-15,T+1,historical
2026-09-15T08:20:00+0530,DEL-BLR,Air India Express,IX 799,2026-09-16,1,10010,1770,11780,2026-09-15,T+1,historical
2026-09-15T08:20:00+0530,DEL-BLR,Akasa Air,QP 421,2026-09-16,1,10800,1910,12710,2026-09-15,T+1,historical
2026-09-15T08:20:00+0530,DEL-BLR,SpiceJet,SG 159,2026-09-22,7,6420,1130,7550,2026-09-15,T+7,historical
2026-09-15T08:20:00+0530,DEL-BLR,Air India Express,IX 799,2026-09-22,7,6720,1180,7900,2026-09-15,T+7,historical
2026-09-15T08:20:00+0530,DEL-BLR,Akasa Air,QP 421,2026-09-22,7,7280,1290,8570,2026-09-15,T+7,historical
2026-09-15T08:20:00+0530,DEL-BLR,Air India Express,IX 799,2026-09-30,15,6130,1080,7210,2026-09-15,T+15,historical
2026-09-15T08:20:00+0530,DEL-BLR,SpiceJet,SG 159,2026-09-30,15,6250,1100,7350,2026-09-15,T+15,historical
2026-09-15T08:20:00+0530,DEL-BLR,IndiGo,6E 173,2026-09-30,15,6430,1130,7560,2026-09-15,T+15,historical
2026-09-15T08:20:00+0530,DEL-BOM,Air India Express,IX 894,2026-09-16,1,8360,1470,9830,2026-09-15,T+1,historical
2026-09-15T08:20:00+0530,DEL-BOM,SpiceJet,SG 935,2026-09-16,1,8400,1480,9880,2026-09-15,T+1,historical
2026-09-15T08:20:00+0530,DEL-BOM,Akasa Air,QP 159,2026-09-16,1,9060,1600,10660,2026-09-15,T+1,historical
2026-09-15T08:20:00+0530,DEL-BOM,IndiGo,6E 366,2026-09-22,7,5580,980,6560,2026-09-15,T+7,historical
2026-09-15T08:20:00+0530,DEL-BOM,Air India Express,IX 894,2026-09-22,7,5580,980,6560,2026-09-15,T+7,historical
2026-09-15T08:20:00+0530,DEL-BOM,SpiceJet,SG 935,2026-09-22,7,5610,990,6600,2026-09-15,T+7,historical
2026-09-15T08:20:00+0530,DEL-BOM,SpiceJet,SG 935,2026-09-30,15,4220,740,4960,2026-09-15,T+15,historical
2026-09-15T08:20:00+0530,DEL-BOM,Air India Express,IX 894,2026-09-30,15,4540,800,5340,2026-09-15,T+15,historical
2026-09-15T08:20:00+0530,DEL-BOM,IndiGo,6E 366,2026-09-30,15,4560,810,5370,2026-09-15,T+15,historical
2026-09-15T08:20:00+0530,DEL-CCU,SpiceJet,SG 956,2026-09-16,1,7970,1410,9380,2026-09-15,T+1,historical
2026-09-15T08:20:00+0530,DEL-CCU,IndiGo,6E 954,2026-09-16,1,8300,1470,9770,2026-09-15,T+1,historical
2026-09-15T08:20:00+0530,DEL-CCU,Air India Express,IX 704,2026-09-16,1,8580,1510,10090,2026-09-15,T+1,historical
2026-09-15T08:20:00+0530,DEL-CCU,SpiceJet,SG 956,2026-09-22,7,5940,1050,6990,2026-09-15,T+7,historical
2026-09-15T08:20:00+0530,DEL-CCU,IndiGo,6E 954,2026-09-22,7,6000,1060,7060,2026-09-15,T+7,historical
2026-09-15T08:20:00+0530,DEL-CCU,Air India Express,IX 704,2026-09-22,7,6160,1090,7250,2026-09-15,T+7,historical
2026-09-15T08:20:00+0530,DEL-CCU,SpiceJet,SG 956,2026-09-30,15,5690,1000,6690,2026-09-15,T+15,historical
2026-09-15T08:20:00+0530,DEL-CCU,Air India Express,IX 704,2026-09-30,15,5700,1010,6710,2026-09-15,T+15,historical
2026-09-15T08:20:00+0530,DEL-CCU,IndiGo,6E 954,2026-09-30,15,6040,1060,7100,2026-09-15,T+15,historical
2026-09-16T08:20:00+0530,BLR-HYD,SpiceJet,SG 955,2026-09-17,1,5860,1040,6900,2026-09-16,T+1,historical
2026-09-16T08:20:00+0530,BLR-HYD,Akasa Air,QP 257,2026-09-17,1,6310,1110,7420,2026-09-16,T+1,historical
2026-09-16T08:20:00+0530,BLR-HYD,IndiGo,6E 362,2026-09-17,1,6500,1150,7650,2026-09-16,T+1,historical
2026-09-16T08:20:00+0530,BLR-HYD,SpiceJet,SG 955,2026-09-23,7,4150,730,4880,2026-09-16,T+7,historical
2026-09-16T08:20:00+0530,BLR-HYD,IndiGo,6E 362,2026-09-23,7,4160,740,4900,2026-09-16,T+7,historical
2026-09-16T08:20:00+0530,BLR-HYD,Akasa Air,QP 257,2026-09-23,7,4230,750,4980,2026-09-16,T+7,historical
2026-09-16T08:20:00+0530,BLR-HYD,IndiGo,6E 362,2026-10-01,15,3240,570,3810,2026-09-16,T+15,historical
2026-09-16T08:20:00+0530,BLR-HYD,SpiceJet,SG 955,2026-10-01,15,3290,580,3870,2026-09-16,T+15,historical
2026-09-16T08:20:00+0530,BLR-HYD,Akasa Air,QP 257,2026-10-01,15,3310,580,3890,2026-09-16,T+15,historical
2026-09-16T08:20:00+0530,BOM-BLR,SpiceJet,SG 979,2026-09-17,1,7610,1340,8950,2026-09-16,T+1,historical
2026-09-16T08:20:00+0530,BOM-BLR,Air India Express,IX 244,2026-09-17,1,7850,1380,9230,2026-09-16,T+1,historical
2026-09-16T08:20:00+0530,BOM-BLR,IndiGo,6E 317,2026-09-17,1,8020,1410,9430,2026-09-16,T+1,historical
2026-09-16T08:20:00+0530,BOM-BLR,SpiceJet,SG 979,2026-09-23,7,5270,930,6200,2026-09-16,T+7,historical
2026-09-16T08:20:00+0530,BOM-BLR,Air India Express,IX 244,2026-09-23,7,5340,940,6280,2026-09-16,T+7,historical
2026-09-16T08:20:00+0530,BOM-BLR,IndiGo,6E 317,2026-09-23,7,5350,940,6290,2026-09-16,T+7,historical
2026-09-16T08:20:00+0530,BOM-BLR,SpiceJet,SG 979,2026-10-01,15,4220,740,4960,2026-09-16,T+15,historical
2026-09-16T08:20:00+0530,BOM-BLR,Air India Express,IX 244,2026-10-01,15,4370,770,5140,2026-09-16,T+15,historical
2026-09-16T08:20:00+0530,BOM-BLR,IndiGo,6E 317,2026-10-01,15,4500,790,5290,2026-09-16,T+15,historical
2026-09-16T08:20:00+0530,DEL-BLR,SpiceJet,SG 275,2026-09-17,1,10350,1830,12180,2026-09-16,T+1,historical
2026-09-16T08:20:00+0530,DEL-BLR,Air India Express,IX 960,2026-09-17,1,10370,1830,12200,2026-09-16,T+1,historical
2026-09-16T08:20:00+0530,DEL-BLR,Akasa Air,QP 375,2026-09-17,1,11180,1970,13150,2026-09-16,T+1,historical
2026-09-16T08:20:00+0530,DEL-BLR,Air India Express,IX 960,2026-09-23,7,6570,1160,7730,2026-09-16,T+7,historical
2026-09-16T08:20:00+0530,DEL-BLR,IndiGo,6E 890,2026-09-23,7,6620,1170,7790,2026-09-16,T+7,historical
2026-09-16T08:20:00+0530,DEL-BLR,SpiceJet,SG 275,2026-09-23,7,6770,1190,7960,2026-09-16,T+7,historical
2026-09-16T08:20:00+0530,DEL-BLR,Air India Express,IX 960,2026-10-01,15,5700,1010,6710,2026-09-16,T+15,historical
2026-09-16T08:20:00+0530,DEL-BLR,SpiceJet,SG 275,2026-10-01,15,5730,1010,6740,2026-09-16,T+15,historical
2026-09-16T08:20:00+0530,DEL-BLR,IndiGo,6E 890,2026-10-01,15,5740,1010,6750,2026-09-16,T+15,historical
2026-09-16T08:20:00+0530,DEL-BOM,Air India Express,IX 214,2026-09-17,1,7110,1250,8360,2026-09-16,T+1,historical
2026-09-16T08:20:00+0530,DEL-BOM,IndiGo,6E 649,2026-09-17,1,7400,1300,8700,2026-09-16,T+1,historical
2026-09-16T08:20:00+0530,DEL-BOM,SpiceJet,SG 120,2026-09-17,1,7500,1320,8820,2026-09-16,T+1,historical
2026-09-16T08:20:00+0530,DEL-BOM,Air India Express,IX 214,2026-09-23,7,5980,1050,7030,2026-09-16,T+7,historical
2026-09-16T08:20:00+0530,DEL-BOM,IndiGo,6E 649,2026-09-23,7,6260,1100,7360,2026-09-16,T+7,historical
2026-09-16T08:20:00+0530,DEL-BOM,SpiceJet,SG 120,2026-09-23,7,6380,1120,7500,2026-09-16,T+7,historical
2026-09-16T08:20:00+0530,DEL-BOM,SpiceJet,SG 120,2026-10-01,15,4580,810,5390,2026-09-16,T+15,historical
2026-09-16T08:20:00+0530,DEL-BOM,Akasa Air,QP 613,2026-10-01,15,4730,830,5560,2026-09-16,T+15,historical
2026-09-16T08:20:00+0530,DEL-BOM,IndiGo,6E 649,2026-10-01,15,4730,840,5570,2026-09-16,T+15,historical
2026-09-16T08:20:00+0530,DEL-CCU,IndiGo,6E 414,2026-09-17,1,9310,1640,10950,2026-09-16,T+1,historical
2026-09-16T08:20:00+0530,DEL-CCU,Air India Express,IX 362,2026-09-17,1,9550,1680,11230,2026-09-16,T+1,historical
2026-09-16T08:20:00+0530,DEL-CCU,SpiceJet,SG 503,2026-09-17,1,9590,1690,11280,2026-09-16,T+1,historical
2026-09-16T08:20:00+0530,DEL-CCU,Air India Express,IX 362,2026-09-23,7,6420,1130,7550,2026-09-16,T+7,historical
2026-09-16T08:20:00+0530,DEL-CCU,IndiGo,6E 414,2026-09-23,7,6590,1160,7750,2026-09-16,T+7,historical
2026-09-16T08:20:00+0530,DEL-CCU,SpiceJet,SG 503,2026-09-23,7,6720,1190,7910,2026-09-16,T+7,historical
2026-09-16T08:20:00+0530,DEL-CCU,Air India Express,IX 362,2026-10-01,15,5210,920,6130,2026-09-16,T+15,historical
2026-09-16T08:20:00+0530,DEL-CCU,IndiGo,6E 414,2026-10-01,15,5240,920,6160,2026-09-16,T+15,historical
2026-09-16T08:20:00+0530,DEL-CCU,SpiceJet,SG 503,2026-10-01,15,5410,960,6370,2026-09-16,T+15,historical
2026-09-17T08:20:00+0530,BLR-HYD,SpiceJet,SG 531,2026-09-18,1,6250,1100,7350,2026-09-17,T+1,historical
2026-09-17T08:20:00+0530,BLR-HYD,IndiGo,6E 506,2026-09-18,1,6540,1160,7700,2026-09-17,T+1,historical
2026-09-17T08:20:00+0530,BLR-HYD,Akasa Air,QP 568,2026-09-18,1,6760,1190,7950,2026-09-17,T+1,historical
2026-09-17T08:20:00+0530,BLR-HYD,IndiGo,6E 506,2026-09-24,7,3880,690,4570,2026-09-17,T+7,historical
2026-09-17T08:20:00+0530,BLR-HYD,SpiceJet,SG 531,2026-09-24,7,3970,700,4670,2026-09-17,T+7,historical
2026-09-17T08:20:00+0530,BLR-HYD,Akasa Air,QP 568,2026-09-24,7,4070,720,4790,2026-09-17,T+7,historical
2026-09-17T08:20:00+0530,BLR-HYD,IndiGo,6E 506,2026-10-02,15,3170,560,3730,2026-09-17,T+15,historical
2026-09-17T08:20:00+0530,BLR-HYD,SpiceJet,SG 531,2026-10-02,15,3320,580,3900,2026-09-17,T+15,historical
2026-09-17T08:20:00+0530,BLR-HYD,Akasa Air,QP 568,2026-10-02,15,3710,650,4360,2026-09-17,T+15,historical
2026-09-17T08:20:00+0530,BOM-BLR,Air India Express,IX 761,2026-09-18,1,6870,1210,8080,2026-09-17,T+1,historical
2026-09-17T08:20:00+0530,BOM-BLR,SpiceJet,SG 445,2026-09-18,1,6970,1230,8200,2026-09-17,T+1,historical
2026-09-17T08:20:00+0530,BOM-BLR,IndiGo,6E 512,2026-09-18,1,7220,1280,8500,2026-09-17,T+1,historical
2026-09-17T08:20:00+0530,BOM-BLR,IndiGo,6E 512,2026-09-24,7,5690,1000,6690,2026-09-17,T+7,historical
2026-09-17T08:20:00+0530,BOM-BLR,Air India Express,IX 761,2026-09-24,7,5780,1020,6800,2026-09-17,T+7,historical
2026-09-17T08:20:00+0530,BOM-BLR,SpiceJet,SG 445,2026-09-24,7,5980,1060,7040,2026-09-17,T+7,historical
2026-09-17T08:20:00+0530,BOM-BLR,SpiceJet,SG 445,2026-10-02,15,4670,820,5490,2026-09-17,T+15,historical
2026-09-17T08:20:00+0530,BOM-BLR,Air India Express,IX 761,2026-10-02,15,5020,890,5910,2026-09-17,T+15,historical
2026-09-17T08:20:00+0530,BOM-BLR,IndiGo,6E 512,2026-10-02,15,5220,920,6140,2026-09-17,T+15,historical
2026-09-17T08:20:00+0530,DEL-BLR,Air India Express,IX 649,2026-09-18,1,10440,1840,12280,2026-09-17,T+1,historical
2026-09-17T08:20:00+0530,DEL-BLR,IndiGo,6E 517,2026-09-18,1,10480,1850,12330,2026-09-17,T+1,historical
2026-09-17T08:20:00+0530,DEL-BLR,SpiceJet,SG 259,2026-09-18,1,10550,1860,12410,2026-09-17,T+1,historical
2026-09-17T08:20:00+0530,DEL-BLR,SpiceJet,SG 259,2026-09-24,7,6430,1140,7570,2026-09-17,T+7,historical
2026-09-17T08:20:00+0530,DEL-BLR,Air India Express,IX 649,2026-09-24,7,6750,1190,7940,2026-09-17,T+7,historical
2026-09-17T08:20:00+0530,DEL-BLR,IndiGo,6E 517,2026-09-24,7,6790,1200,7990,2026-09-17,T+7,historical
2026-09-17T08:20:00+0530,DEL-BLR,Air India Express,IX 649,2026-10-02,15,6400,1130,7530,2026-09-17,T+15,historical
2026-09-17T08:20:00+0530,DEL-BLR,IndiGo,6E 517,2026-10-02,15,6600,1160,7760,2026-09-17,T+15,historical
2026-09-17T08:20:00+0530,DEL-BLR,SpiceJet,SG 259,2026-10-02,15,6870,1210,8080,2026-09-17,T+15,historical
2026-09-17T08:20:00+0530,DEL-BOM,SpiceJet,SG 307,2026-09-18,1,8070,1420,9490,2026-09-17,T+1,historical
2026-09-17T08:20:00+0530,DEL-BOM,IndiGo,6E 528,2026-09-18,1,8360,1470,9830,2026-09-17,T+1,historical
2026-09-17T08:20:00+0530,DEL-BOM,Air India Express,IX 783,2026-09-18,1,8370,1480,9850,2026-09-17,T+1,historical
2026-09-17T08:20:00+0530,DEL-BOM,Air India Express,IX 783,2026-09-24,7,5890,1040,6930,2026-09-17,T+7,historical
2026-09-17T08:20:00+0530,DEL-BOM,SpiceJet,SG 307,2026-09-24,7,6220,1100,7320,2026-09-17,T+7,historical
2026-09-17T08:20:00+0530,DEL-BOM,Akasa Air,QP 749,2026-09-24,7,6600,1170,7770,2026-09-17,T+7,historical
2026-09-17T08:20:00+0530,DEL-BOM,IndiGo,6E 528,2026-10-02,15,4790,850,5640,2026-09-17,T+15,historical
2026-09-17T08:20:00+0530,DEL-BOM,SpiceJet,SG 307,2026-10-02,15,5040,890,5930,2026-09-17,T+15,historical
2026-09-17T08:20:00+0530,DEL-BOM,Akasa Air,QP 749,2026-10-02,15,5120,900,6020,2026-09-17,T+15,historical
2026-09-17T08:20:00+0530,DEL-CCU,IndiGo,6E 523,2026-09-18,1,8740,1540,10280,2026-09-17,T+1,historical
2026-09-17T08:20:00+0530,DEL-CCU,Air India Express,IX 700,2026-09-18,1,8890,1570,10460,2026-09-17,T+1,historical
2026-09-17T08:20:00+0530,DEL-CCU,SpiceJet,SG 382,2026-09-18,1,9020,1590,10610,2026-09-17,T+1,historical
2026-09-17T08:20:00+0530,DEL-CCU,Air India Express,IX 700,2026-09-24,7,6090,1080,7170,2026-09-17,T+7,historical
2026-09-17T08:20:00+0530,DEL-CCU,SpiceJet,SG 382,2026-09-24,7,6300,1110,7410,2026-09-17,T+7,historical
2026-09-17T08:20:00+0530,DEL-CCU,IndiGo,6E 523,2026-09-24,7,6910,1220,8130,2026-09-17,T+7,historical
2026-09-17T08:20:00+0530,DEL-CCU,Air India Express,IX 700,2026-10-02,15,5360,940,6300,2026-09-17,T+15,historical
2026-09-17T08:20:00+0530,DEL-CCU,SpiceJet,SG 382,2026-10-02,15,5810,1020,6830,2026-09-17,T+15,historical
2026-09-17T08:20:00+0530,DEL-CCU,Akasa Air,QP 324,2026-10-02,15,5920,1040,6960,2026-09-17,T+15,historical
2026-09-18T08:20:00+0530,BLR-HYD,IndiGo,6E 400,2026-09-19,1,6180,1090,7270,2026-09-18,T+1,historical
2026-09-18T08:20:00+0530,BLR-HYD,SpiceJet,SG 543,2026-09-19,1,6180,1090,7270,2026-09-18,T+1,historical
2026-09-18T08:20:00+0530,BLR-HYD,Akasa Air,QP 865,2026-09-19,1,6320,1110,7430,2026-09-18,T+1,historical
2026-09-18T08:20:00+0530,BLR-HYD,IndiGo,6E 400,2026-09-25,7,4390,770,5160,2026-09-18,T+7,historical
2026-09-18T08:20:00+0530,BLR-HYD,SpiceJet,SG 543,2026-09-25,7,4470,790,5260,2026-09-18,T+7,historical
2026-09-18T08:20:00+0530,BLR-HYD,Akasa Air,QP 865,2026-09-25,7,4650,820,5470,2026-09-18,T+7,historical
2026-09-18T08:20:00+0530,BLR-HYD,SpiceJet,SG 543,2026-10-03,15,4200,740,4940,2026-09-18,T+15,historical
2026-09-18T08:20:00+0530,BLR-HYD,IndiGo,6E 400,2026-10-03,15,4230,750,4980,2026-09-18,T+15,historical
2026-09-18T08:20:00+0530,BLR-HYD,Akasa Air,QP 865,2026-10-03,15,4350,770,5120,2026-09-18,T+15,historical
2026-09-18T08:20:00+0530,BOM-BLR,SpiceJet,SG 323,2026-09-19,1,8550,1510,10060,2026-09-18,T+1,historical
2026-09-18T08:20:00+0530,BOM-BLR,Air India Express,IX 569,2026-09-19,1,9150,1610,10760,2026-09-18,T+1,historical
2026-09-18T08:20:00+0530,BOM-BLR,Akasa Air,QP 427,2026-09-19,1,9250,1630,10880,2026-09-18,T+1,historical
2026-09-18T08:20:00+0530,BOM-BLR,SpiceJet,SG 323,2026-09-25,7,5910,1040,6950,2026-09-18,T+7,historical
2026-09-18T08:20:00+0530,BOM-BLR,IndiGo,6E 355,2026-09-25,7,5960,1050,7010,2026-09-18,T+7,historical
2026-09-18T08:20:00+0530,BOM-BLR,Air India Express,IX 569,2026-09-25,7,6090,1080,7170,2026-09-18,T+7,historical
2026-09-18T08:20:00+0530,BOM-BLR,IndiGo,6E 355,2026-10-03,15,4720,830,5550,2026-09-18,T+15,historical
2026-09-18T08:20:00+0530,BOM-BLR,SpiceJet,SG 323,2026-10-03,15,4780,840,5620,2026-09-18,T+15,historical
2026-09-18T08:20:00+0530,BOM-BLR,Air India Express,IX 569,2026-10-03,15,4780,840,5620,2026-09-18,T+15,historical
2026-09-18T08:20:00+0530,DEL-BLR,SpiceJet,SG 379,2026-09-19,1,9960,1760,11720,2026-09-18,T+1,historical
2026-09-18T08:20:00+0530,DEL-BLR,IndiGo,6E 225,2026-09-19,1,10580,1870,12450,2026-09-18,T+1,historical
2026-09-18T08:20:00+0530,DEL-BLR,Air India Express,IX 333,2026-09-19,1,10880,1920,12800,2026-09-18,T+1,historical
2026-09-18T08:20:00+0530,DEL-BLR,SpiceJet,SG 379,2026-09-25,7,7170,1270,8440,2026-09-18,T+7,historical
2026-09-18T08:20:00+0530,DEL-BLR,IndiGo,6E 225,2026-09-25,7,7910,1400,9310,2026-09-18,T+7,historical
2026-09-18T08:20:00+0530,DEL-BLR,Air India Express,IX 333,2026-09-25,7,7960,1410,9370,2026-09-18,T+7,historical
2026-09-18T08:20:00+0530,DEL-BLR,SpiceJet,SG 379,2026-10-03,15,6110,1080,7190,2026-09-18,T+15,historical
2026-09-18T08:20:00+0530,DEL-BLR,Air India Express,IX 333,2026-10-03,15,6310,1110,7420,2026-09-18,T+15,historical
2026-09-18T08:20:00+0530,DEL-BLR,Akasa Air,QP 163,2026-10-03,15,6630,1170,7800,2026-09-18,T+15,historical
2026-09-18T08:20:00+0530,DEL-BOM,SpiceJet,SG 890,2026-09-19,1,8210,1450,9660,2026-09-18,T+1,historical
2026-09-18T08:20:00+0530,DEL-BOM,Air India Express,IX 464,2026-09-19,1,8580,1510,10090,2026-09-18,T+1,historical
2026-09-18T08:20:00+0530,DEL-BOM,IndiGo,6E 115,2026-09-19,1,8840,1560,10400,2026-09-18,T+1,historical
2026-09-18T08:20:00+0530,DEL-BOM,IndiGo,6E 115,2026-09-25,7,6710,1180,7890,2026-09-18,T+7,historical
2026-09-18T08:20:00+0530,DEL-BOM,Akasa Air,QP 595,2026-09-25,7,6870,1210,8080,2026-09-18,T+7,historical
2026-09-18T08:20:00+0530,DEL-BOM,Air India Express,IX 464,2026-09-25,7,6910,1220,8130,2026-09-18,T+7,historical
2026-09-18T08:20:00+0530,DEL-BOM,SpiceJet,SG 890,2026-10-03,15,5450,960,6410,2026-09-18,T+15,historical
2026-09-18T08:20:00+0530,DEL-BOM,IndiGo,6E 115,2026-10-03,15,5480,970,6450,2026-09-18,T+15,historical
2026-09-18T08:20:00+0530,DEL-BOM,Akasa Air,QP 595,2026-10-03,15,5800,1020,6820,2026-09-18,T+15,historical
2026-09-18T08:20:00+0530,DEL-CCU,IndiGo,6E 649,2026-09-19,1,8860,1560,10420,2026-09-18,T+1,historical
2026-09-18T08:20:00+0530,DEL-CCU,Air India Express,IX 251,2026-09-19,1,9040,1600,10640,2026-09-18,T+1,historical
2026-09-18T08:20:00+0530,DEL-CCU,Akasa Air,QP 856,2026-09-19,1,9370,1650,11020,2026-09-18,T+1,historical
2026-09-18T08:20:00+0530,DEL-CCU,SpiceJet,SG 315,2026-09-25,7,6370,1120,7490,2026-09-18,T+7,historical
2026-09-18T08:20:00+0530,DEL-CCU,Air India Express,IX 251,2026-09-25,7,6770,1190,7960,2026-09-18,T+7,historical
2026-09-18T08:20:00+0530,DEL-CCU,IndiGo,6E 649,2026-09-25,7,6920,1220,8140,2026-09-18,T+7,historical
2026-09-18T08:20:00+0530,DEL-CCU,IndiGo,6E 649,2026-10-03,15,5700,1000,6700,2026-09-18,T+15,historical
2026-09-18T08:20:00+0530,DEL-CCU,SpiceJet,SG 315,2026-10-03,15,5780,1020,6800,2026-09-18,T+15,historical
2026-09-18T08:20:00+0530,DEL-CCU,Air India Express,IX 251,2026-10-03,15,5820,1030,6850,2026-09-18,T+15,historical
2026-09-19T08:20:00+0530,BLR-HYD,SpiceJet,SG 872,2026-09-20,1,6790,1200,7990,2026-09-19,T+1,historical
2026-09-19T08:20:00+0530,BLR-HYD,IndiGo,6E 666,2026-09-20,1,7860,1390,9250,2026-09-19,T+1,historical
2026-09-19T08:20:00+0530,BLR-HYD,Akasa Air,QP 332,2026-09-20,1,7940,1400,9340,2026-09-19,T+1,historical
2026-09-19T08:20:00+0530,BLR-HYD,SpiceJet,SG 872,2026-09-26,7,4680,830,5510,2026-09-19,T+7,historical
2026-09-19T08:20:00+0530,BLR-HYD,IndiGo,6E 666,2026-09-26,7,4960,880,5840,2026-09-19,T+7,historical
2026-09-19T08:20:00+0530,BLR-HYD,Akasa Air,QP 332,2026-09-26,7,5030,890,5920,2026-09-19,T+7,historical
2026-09-19T08:20:00+0530,BLR-HYD,SpiceJet,SG 872,2026-10-04,15,4000,710,4710,2026-09-19,T+15,historical
2026-09-19T08:20:00+0530,BLR-HYD,IndiGo,6E 666,2026-10-04,15,4110,720,4830,2026-09-19,T+15,historical
2026-09-19T08:20:00+0530,BLR-HYD,Akasa Air,QP 332,2026-10-04,15,4500,790,5290,2026-09-19,T+15,historical
2026-09-19T08:20:00+0530,BOM-BLR,Air India Express,IX 733,2026-09-20,1,7740,1360,9100,2026-09-19,T+1,historical
2026-09-19T08:20:00+0530,BOM-BLR,SpiceJet,SG 783,2026-09-20,1,8020,1420,9440,2026-09-19,T+1,historical
2026-09-19T08:20:00+0530,BOM-BLR,IndiGo,6E 607,2026-09-20,1,8740,1540,10280,2026-09-19,T+1,historical
2026-09-19T08:20:00+0530,BOM-BLR,Air India Express,IX 733,2026-09-26,7,6530,1150,7680,2026-09-19,T+7,historical
2026-09-19T08:20:00+0530,BOM-BLR,SpiceJet,SG 783,2026-09-26,7,6580,1160,7740,2026-09-19,T+7,historical
2026-09-19T08:20:00+0530,BOM-BLR,Akasa Air,QP 425,2026-09-26,7,6600,1160,7760,2026-09-19,T+7,historical
2026-09-19T08:20:00+0530,BOM-BLR,SpiceJet,SG 783,2026-10-04,15,4810,850,5660,2026-09-19,T+15,historical
2026-09-19T08:20:00+0530,BOM-BLR,Akasa Air,QP 425,2026-10-04,15,5170,910,6080,2026-09-19,T+15,historical
2026-09-19T08:20:00+0530,BOM-BLR,IndiGo,6E 607,2026-10-04,15,5180,920,6100,2026-09-19,T+15,historical
2026-09-19T08:20:00+0530,DEL-BLR,SpiceJet,SG 631,2026-09-20,1,10620,1880,12500,2026-09-19,T+1,historical
2026-09-19T08:20:00+0530,DEL-BLR,Air India Express,IX 891,2026-09-20,1,10800,1900,12700,2026-09-19,T+1,historical
2026-09-19T08:20:00+0530,DEL-BLR,IndiGo,6E 433,2026-09-20,1,10810,1910,12720,2026-09-19,T+1,historical
2026-09-19T08:20:00+0530,DEL-BLR,SpiceJet,SG 631,2026-09-26,7,8890,1570,10460,2026-09-19,T+7,historical
2026-09-19T08:20:00+0530,DEL-BLR,IndiGo,6E 433,2026-09-26,7,9290,1640,10930,2026-09-19,T+7,historical
2026-09-19T08:20:00+0530,DEL-BLR,Air India Express,IX 891,2026-09-26,7,9420,1660,11080,2026-09-19,T+7,historical
2026-09-19T08:20:00+0530,DEL-BLR,Air India Express,IX 891,2026-10-04,15,6840,1210,8050,2026-09-19,T+15,historical
2026-09-19T08:20:00+0530,DEL-BLR,SpiceJet,SG 631,2026-10-04,15,7050,1240,8290,2026-09-19,T+15,historical
2026-09-19T08:20:00+0530,DEL-BLR,IndiGo,6E 433,2026-10-04,15,7240,1280,8520,2026-09-19,T+15,historical
2026-09-19T08:20:00+0530,DEL-BOM,SpiceJet,SG 143,2026-09-20,1,9300,1640,10940,2026-09-19,T+1,historical
2026-09-19T08:20:00+0530,DEL-BOM,Air India Express,IX 605,2026-09-20,1,9830,1740,11570,2026-09-19,T+1,historical
2026-09-19T08:20:00+0530,DEL-BOM,IndiGo,6E 477,2026-09-20,1,9910,1750,11660,2026-09-19,T+1,historical
2026-09-19T08:20:00+0530,DEL-BOM,IndiGo,6E 477,2026-09-26,7,6010,1060,7070,2026-09-19,T+7,historical
2026-09-19T08:20:00+0530,DEL-BOM,Air India Express,IX 605,2026-09-26,7,6140,1080,7220,2026-09-19,T+7,historical
2026-09-19T08:20:00+0530,DEL-BOM,SpiceJet,SG 143,2026-09-26,7,6160,1090,7250,2026-09-19,T+7,historical
2026-09-19T08:20:00+0530,DEL-BOM,Air India Express,IX 605,2026-10-04,15,5040,890,5930,2026-09-19,T+15,historical
2026-09-19T08:20:00+0530,DEL-BOM,SpiceJet,SG 143,2026-10-04,15,5220,920,6140,2026-09-19,T+15,historical
2026-09-19T08:20:00+0530,DEL-BOM,IndiGo,6E 477,2026-10-04,15,5420,960,6380,2026-09-19,T+15,historical
2026-09-19T08:20:00+0530,DEL-CCU,SpiceJet,SG 212,2026-09-20,1,8940,1580,10520,2026-09-19,T+1,historical
2026-09-19T08:20:00+0530,DEL-CCU,Air India Express,IX 366,2026-09-20,1,9570,1690,11260,2026-09-19,T+1,historical
2026-09-19T08:20:00+0530,DEL-CCU,IndiGo,6E 393,2026-09-20,1,9890,1750,11640,2026-09-19,T+1,historical
2026-09-19T08:20:00+0530,DEL-CCU,Air India Express,IX 366,2026-09-26,7,6510,1150,7660,2026-09-19,T+7,historical
2026-09-19T08:20:00+0530,DEL-CCU,SpiceJet,SG 212,2026-09-26,7,6620,1170,7790,2026-09-19,T+7,historical
2026-09-19T08:20:00+0530,DEL-CCU,IndiGo,6E 393,2026-09-26,7,6660,1180,7840,2026-09-19,T+7,historical
2026-09-19T08:20:00+0530,DEL-CCU,SpiceJet,SG 212,2026-10-04,15,5340,940,6280,2026-09-19,T+15,historical
2026-09-19T08:20:00+0530,DEL-CCU,Air India Express,IX 366,2026-10-04,15,5470,960,6430,2026-09-19,T+15,historical
2026-09-19T08:20:00+0530,DEL-CCU,Akasa Air,QP 578,2026-10-04,15,5810,1030,6840,2026-09-19,T+15,historical
2026-09-20T08:20:00+0530,BLR-HYD,SpiceJet,SG 118,2026-09-21,1,5430,960,6390,2026-09-20,T+1,historical
2026-09-20T08:20:00+0530,BLR-HYD,IndiGo,6E 644,2026-09-21,1,6110,1080,7190,2026-09-20,T+1,historical
2026-09-20T08:20:00+0530,BLR-HYD,Akasa Air,QP 541,2026-09-21,1,6460,1140,7600,2026-09-20,T+1,historical
2026-09-20T08:20:00+0530,BLR-HYD,SpiceJet,SG 118,2026-09-27,7,4310,760,5070,2026-09-20,T+7,historical
2026-09-20T08:20:00+0530,BLR-HYD,Akasa Air,QP 541,2026-09-27,7,4510,800,5310,2026-09-20,T+7,historical
2026-09-20T08:20:00+0530,BLR-HYD,IndiGo,6E 644,2026-09-27,7,4690,830,5520,2026-09-20,T+7,historical
2026-09-20T08:20:00+0530,BLR-HYD,IndiGo,6E 644,2026-10-05,15,3440,610,4050,2026-09-20,T+15,historical
2026-09-20T08:20:00+0530,BLR-HYD,SpiceJet,SG 118,2026-10-05,15,3440,610,4050,2026-09-20,T+15,historical
2026-09-20T08:20:00+0530,BLR-HYD,Akasa Air,QP 541,2026-10-05,15,3570,630,4200,2026-09-20,T+15,historical
2026-09-20T08:20:00+0530,BOM-BLR,Air India Express,IX 617,2026-09-21,1,6790,1200,7990,2026-09-20,T+1,historical
2026-09-20T08:20:00+0530,BOM-BLR,IndiGo,6E 445,2026-09-21,1,6850,1210,8060,2026-09-20,T+1,historical
2026-09-20T08:20:00+0530,BOM-BLR,SpiceJet,SG 694,2026-09-21,1,6910,1220,8130,2026-09-20,T+1,historical
2026-09-20T08:20:00+0530,BOM-BLR,Air India Express,IX 617,2026-09-27,7,5220,920,6140,2026-09-20,T+7,historical
2026-09-20T08:20:00+0530,BOM-BLR,SpiceJet,SG 694,2026-09-27,7,5260,930,6190,2026-09-20,T+7,historical
2026-09-20T08:20:00+0530,BOM-BLR,IndiGo,6E 445,2026-09-27,7,5410,950,6360,2026-09-20,T+7,historical
2026-09-20T08:20:00+0530,BOM-BLR,SpiceJet,SG 694,2026-10-05,15,4410,780,5190,2026-09-20,T+15,historical
2026-09-20T08:20:00+0530,BOM-BLR,IndiGo,6E 445,2026-10-05,15,4590,810,5400,2026-09-20,T+15,historical
2026-09-20T08:20:00+0530,BOM-BLR,Akasa Air,QP 703,2026-10-05,15,4800,850,5650,2026-09-20,T+15,historical
2026-09-20T08:20:00+0530,DEL-BLR,IndiGo,6E 204,2026-09-21,1,10520,1860,12380,2026-09-20,T+1,historical
2026-09-20T08:20:00+0530,DEL-BLR,Air India Express,IX 601,2026-09-21,1,10600,1870,12470,2026-09-20,T+1,historical
2026-09-20T08:20:00+0530,DEL-BLR,Akasa Air,QP 412,2026-09-21,1,10760,1900,12660,2026-09-20,T+1,historical
2026-09-20T08:20:00+0530,DEL-BLR,IndiGo,6E 204,2026-09-27,7,7560,1330,8890,2026-09-20,T+7,historical
2026-09-20T08:20:00+0530,DEL-BLR,SpiceJet,SG 428,2026-09-27,7,7830,1380,9210,2026-09-20,T+7,historical
2026-09-20T08:20:00+0530,DEL-BLR,Air India Express,IX 601,2026-09-27,7,7980,1410,9390,2026-09-20,T+7,historical
2026-09-20T08:20:00+0530,DEL-BLR,SpiceJet,SG 428,2026-10-05,15,7090,1250,8340,2026-09-20,T+15,historical
2026-09-20T08:20:00+0530,DEL-BLR,IndiGo,6E 204,2026-10-05,15,7450,1310,8760,2026-09-20,T+15,historical
2026-09-20T08:20:00+0530,DEL-BLR,Air India Express,IX 601,2026-10-05,15,7540,1330,8870,2026-09-20,T+15,historical
2026-09-20T08:20:00+0530,DEL-BOM,SpiceJet,SG 252,2026-09-21,1,8760,1550,10310,2026-09-20,T+1,historical
2026-09-20T08:20:00+0530,DEL-BOM,IndiGo,6E 121,2026-09-21,1,8900,1570,10470,2026-09-20,T+1,historical
2026-09-20T08:20:00+0530,DEL-BOM,Akasa Air,QP 254,2026-09-21,1,8900,1570,10470,2026-09-20,T+1,historical
2026-09-20T08:20:00+0530,DEL-BOM,SpiceJet,SG 252,2026-09-27,7,6630,1170,7800,2026-09-20,T+7,historical
2026-09-20T08:20:00+0530,DEL-BOM,Air India Express,IX 536,2026-09-27,7,6680,1180,7860,2026-09-20,T+7,historical
2026-09-20T08:20:00+0530,DEL-BOM,IndiGo,6E 121,2026-09-27,7,7120,1260,8380,2026-09-20,T+7,historical
2026-09-20T08:20:00+0530,DEL-BOM,SpiceJet,SG 252,2026-10-05,15,4450,790,5240,2026-09-20,T+15,historical
2026-09-20T08:20:00+0530,DEL-BOM,Air India Express,IX 536,2026-10-05,15,5020,890,5910,2026-09-20,T+15,historical
2026-09-20T08:20:00+0530,DEL-BOM,IndiGo,6E 121,2026-10-05,15,5070,900,5970,2026-09-20,T+15,historical
2026-09-20T08:20:00+0530,DEL-CCU,SpiceJet,SG 418,2026-09-21,1,8950,1580,10530,2026-09-20,T+1,historical
2026-09-20T08:20:00+0530,DEL-CCU,Air India Express,IX 483,2026-09-21,1,8960,1580,10540,2026-09-20,T+1,historical
2026-09-20T08:20:00+0530,DEL-CCU,Akasa Air,QP 903,2026-09-21,1,9340,1650,10990,2026-09-20,T+1,historical
2026-09-20T08:20:00+0530,DEL-CCU,Air India Express,IX 483,2026-09-27,7,6910,1220,8130,2026-09-20,T+7,historical
2026-09-20T08:20:00+0530,DEL-CCU,IndiGo,6E 691,2026-09-27,7,7110,1260,8370,2026-09-20,T+7,historical
2026-09-20T08:20:00+0530,DEL-CCU,SpiceJet,SG 418,2026-09-27,7,7250,1280,8530,2026-09-20,T+7,historical
2026-09-20T08:20:00+0530,DEL-CCU,Air India Express,IX 483,2026-10-05,15,6100,1080,7180,2026-09-20,T+15,historical
2026-09-20T08:20:00+0530,DEL-CCU,SpiceJet,SG 418,2026-10-05,15,6140,1080,7220,2026-09-20,T+15,historical
2026-09-20T08:20:00+0530,DEL-CCU,IndiGo,6E 691,2026-10-05,15,6290,1110,7400,2026-09-20,T+15,historical
2026-09-21T08:20:00+0530,BLR-HYD,SpiceJet,SG 693,2026-09-22,1,6430,1140,7570,2026-09-21,T+1,historical
2026-09-21T08:20:00+0530,BLR-HYD,Akasa Air,QP 868,2026-09-22,1,6710,1180,7890,2026-09-21,T+1,historical
2026-09-21T08:20:00+0530,BLR-HYD,IndiGo,6E 222,2026-09-22,1,6840,1210,8050,2026-09-21,T+1,historical
2026-09-21T08:20:00+0530,BLR-HYD,IndiGo,6E 222,2026-09-28,7,3940,690,4630,2026-09-21,T+7,historical
2026-09-21T08:20:00+0530,BLR-HYD,SpiceJet,SG 693,2026-09-28,7,4020,710,4730,2026-09-21,T+7,historical
2026-09-21T08:20:00+0530,BLR-HYD,Akasa Air,QP 868,2026-09-28,7,4210,740,4950,2026-09-21,T+7,historical
2026-09-21T08:20:00+0530,BLR-HYD,SpiceJet,SG 693,2026-10-06,15,3590,630,4220,2026-09-21,T+15,historical
2026-09-21T08:20:00+0530,BLR-HYD,IndiGo,6E 222,2026-10-06,15,4030,710,4740,2026-09-21,T+15,historical
2026-09-21T08:20:00+0530,BLR-HYD,Akasa Air,QP 868,2026-10-06,15,4200,740,4940,2026-09-21,T+15,historical
2026-09-21T08:20:00+0530,BOM-BLR,SpiceJet,SG 691,2026-09-22,1,7250,1280,8530,2026-09-21,T+1,historical
2026-09-21T08:20:00+0530,BOM-BLR,Air India Express,IX 720,2026-09-22,1,7420,1310,8730,2026-09-21,T+1,historical
2026-09-21T08:20:00+0530,BOM-BLR,IndiGo,6E 562,2026-09-22,1,7620,1350,8970,2026-09-21,T+1,historical
2026-09-21T08:20:00+0530,BOM-BLR,Air India Express,IX 720,2026-09-28,7,5070,900,5970,2026-09-21,T+7,historical
2026-09-21T08:20:00+0530,BOM-BLR,SpiceJet,SG 691,2026-09-28,7,5360,950,6310,2026-09-21,T+7,historical
2026-09-21T08:20:00+0530,BOM-BLR,Akasa Air,QP 436,2026-09-28,7,5720,1010,6730,2026-09-21,T+7,historical
2026-09-21T08:20:00+0530,BOM-BLR,SpiceJet,SG 691,2026-10-06,15,4400,780,5180,2026-09-21,T+15,historical
2026-09-21T08:20:00+0530,BOM-BLR,IndiGo,6E 562,2026-10-06,15,4510,800,5310,2026-09-21,T+15,historical
2026-09-21T08:20:00+0530,BOM-BLR,Air India Express,IX 720,2026-10-06,15,4550,800,5350,2026-09-21,T+15,historical
2026-09-21T08:20:00+0530,DEL-BLR,SpiceJet,SG 870,2026-09-22,1,10850,1920,12770,2026-09-21,T+1,historical
2026-09-21T08:20:00+0530,DEL-BLR,Akasa Air,QP 683,2026-09-22,1,11190,1970,13160,2026-09-21,T+1,historical
2026-09-21T08:20:00+0530,DEL-BLR,Air India Express,IX 169,2026-09-22,1,11460,2020,13480,2026-09-21,T+1,historical
2026-09-21T08:20:00+0530,DEL-BLR,Air India Express,IX 169,2026-09-28,7,7230,1280,8510,2026-09-21,T+7,historical
2026-09-21T08:20:00+0530,DEL-BLR,SpiceJet,SG 870,2026-09-28,7,7240,1280,8520,2026-09-21,T+7,historical
2026-09-21T08:20:00+0530,DEL-BLR,IndiGo,6E 523,2026-09-28,7,7660,1350,9010,2026-09-21,T+7,historical
2026-09-21T08:20:00+0530,DEL-BLR,SpiceJet,SG 870,2026-10-06,15,5860,1030,6890,2026-09-21,T+15,historical
2026-09-21T08:20:00+0530,DEL-BLR,IndiGo,6E 523,2026-10-06,15,5970,1050,7020,2026-09-21,T+15,historical
2026-09-21T08:20:00+0530,DEL-BLR,Akasa Air,QP 683,2026-10-06,15,6130,1080,7210,2026-09-21,T+15,historical
2026-09-21T08:20:00+0530,DEL-BOM,Air India Express,IX 906,2026-09-22,1,8000,1410,9410,2026-09-21,T+1,historical
2026-09-21T08:20:00+0530,DEL-BOM,SpiceJet,SG 373,2026-09-22,1,8040,1420,9460,2026-09-21,T+1,historical
2026-09-21T08:20:00+0530,DEL-BOM,Akasa Air,QP 795,2026-09-22,1,8480,1500,9980,2026-09-21,T+1,historical
2026-09-21T08:20:00+0530,DEL-BOM,IndiGo,6E 216,2026-09-28,7,5750,1010,6760,2026-09-21,T+7,historical
2026-09-21T08:20:00+0530,DEL-BOM,Air India Express,IX 906,2026-09-28,7,5910,1040,6950,2026-09-21,T+7,historical
2026-09-21T08:20:00+0530,DEL-BOM,SpiceJet,SG 373,2026-09-28,7,6010,1060,7070,2026-09-21,T+7,historical
2026-09-21T08:20:00+0530,DEL-BOM,SpiceJet,SG 373,2026-10-06,15,4670,820,5490,2026-09-21,T+15,historical
2026-09-21T08:20:00+0530,DEL-BOM,IndiGo,6E 216,2026-10-06,15,4800,850,5650,2026-09-21,T+15,historical
2026-09-21T08:20:00+0530,DEL-BOM,Air India Express,IX 906,2026-10-06,15,4900,860,5760,2026-09-21,T+15,historical
2026-09-21T08:20:00+0530,DEL-CCU,SpiceJet,SG 619,2026-09-22,1,8560,1510,10070,2026-09-21,T+1,historical
2026-09-21T08:20:00+0530,DEL-CCU,Air India Express,IX 516,2026-09-22,1,8710,1540,10250,2026-09-21,T+1,historical
2026-09-21T08:20:00+0530,DEL-CCU,IndiGo,6E 840,2026-09-22,1,9190,1620,10810,2026-09-21,T+1,historical
2026-09-21T08:20:00+0530,DEL-CCU,SpiceJet,SG 619,2026-09-28,7,6210,1100,7310,2026-09-21,T+7,historical
2026-09-21T08:20:00+0530,DEL-CCU,Air India Express,IX 516,2026-09-28,7,6720,1180,7900,2026-09-21,T+7,historical
2026-09-21T08:20:00+0530,DEL-CCU,IndiGo,6E 840,2026-09-28,7,7050,1240,8290,2026-09-21,T+7,historical
2026-09-21T08:20:00+0530,DEL-CCU,IndiGo,6E 840,2026-10-06,15,5130,900,6030,2026-09-21,T+15,historical
2026-09-21T08:20:00+0530,DEL-CCU,SpiceJet,SG 619,2026-10-06,15,5130,900,6030,2026-09-21,T+15,historical
2026-09-21T08:20:00+0530,DEL-CCU,Air India Express,IX 516,2026-10-06,15,5200,920,6120,2026-09-21,T+15,historical
2026-09-22T08:20:00+0530,BLR-HYD,Akasa Air,QP 630,2026-09-23,1,5610,990,6600,2026-09-22,T+1,historical
2026-09-22T08:20:00+0530,BLR-HYD,SpiceJet,SG 393,2026-09-23,1,5680,1000,6680,2026-09-22,T+1,historical
2026-09-22T08:20:00+0530,BLR-HYD,IndiGo,6E 766,2026-09-23,1,5880,1040,6920,2026-09-22,T+1,historical
2026-09-22T08:20:00+0530,BLR-HYD,SpiceJet,SG 393,2026-09-29,7,3990,700,4690,2026-09-22,T+7,historical
2026-09-22T08:20:00+0530,BLR-HYD,IndiGo,6E 766,2026-09-29,7,4390,780,5170,2026-09-22,T+7,historical
2026-09-22T08:20:00+0530,BLR-HYD,Akasa Air,QP 630,2026-09-29,7,4840,860,5700,2026-09-22,T+7,historical
2026-09-22T08:20:00+0530,BLR-HYD,SpiceJet,SG 393,2026-10-07,15,3990,700,4690,2026-09-22,T+15,historical
2026-09-22T08:20:00+0530,BLR-HYD,Akasa Air,QP 630,2026-10-07,15,4140,730,4870,2026-09-22,T+15,historical
2026-09-22T08:20:00+0530,BLR-HYD,IndiGo,6E 766,2026-10-07,15,4210,740,4950,2026-09-22,T+15,historical
2026-09-22T08:20:00+0530,BOM-BLR,Air India Express,IX 653,2026-09-23,1,7470,1320,8790,2026-09-22,T+1,historical
2026-09-22T08:20:00+0530,BOM-BLR,IndiGo,6E 918,2026-09-23,1,7480,1320,8800,2026-09-22,T+1,historical
2026-09-22T08:20:00+0530,BOM-BLR,SpiceJet,SG 562,2026-09-23,1,7510,1320,8830,2026-09-22,T+1,historical
2026-09-22T08:20:00+0530,BOM-BLR,Air India Express,IX 653,2026-09-29,7,5300,930,6230,2026-09-22,T+7,historical
2026-09-22T08:20:00+0530,BOM-BLR,SpiceJet,SG 562,2026-09-29,7,5350,940,6290,2026-09-22,T+7,historical
2026-09-22T08:20:00+0530,BOM-BLR,IndiGo,6E 918,2026-09-29,7,5570,980,6550,2026-09-22,T+7,historical
2026-09-22T08:20:00+0530,BOM-BLR,Air India Express,IX 653,2026-10-07,15,4390,770,5160,2026-09-22,T+15,historical
2026-09-22T08:20:00+0530,BOM-BLR,SpiceJet,SG 562,2026-10-07,15,4610,810,5420,2026-09-22,T+15,historical
2026-09-22T08:20:00+0530,BOM-BLR,IndiGo,6E 918,2026-10-07,15,4900,860,5760,2026-09-22,T+15,historical
2026-09-22T08:20:00+0530,DEL-BLR,SpiceJet,SG 890,2026-09-23,1,9930,1750,11680,2026-09-22,T+1,historical
2026-09-22T08:20:00+0530,DEL-BLR,Akasa Air,QP 140,2026-09-23,1,10660,1880,12540,2026-09-22,T+1,historical
2026-09-22T08:20:00+0530,DEL-BLR,Air India Express,IX 203,2026-09-23,1,11210,1980,13190,2026-09-22,T+1,historical
2026-09-22T08:20:00+0530,DEL-BLR,SpiceJet,SG 890,2026-09-29,7,6720,1190,7910,2026-09-22,T+7,historical
2026-09-22T08:20:00+0530,DEL-BLR,Air India Express,IX 203,2026-09-29,7,6990,1230,8220,2026-09-22,T+7,historical
2026-09-22T08:20:00+0530,DEL-BLR,IndiGo,6E 869,2026-09-29,7,7560,1330,8890,2026-09-22,T+7,historical
2026-09-22T08:20:00+0530,DEL-BLR,SpiceJet,SG 890,2026-10-07,15,5790,1020,6810,2026-09-22,T+15,historical
2026-09-22T08:20:00+0530,DEL-BLR,Air India Express,IX 203,2026-10-07,15,5940,1050,6990,2026-09-22,T+15,historical
2026-09-22T08:20:00+0530,DEL-BLR,IndiGo,6E 869,2026-10-07,15,6080,1070,7150,2026-09-22,T+15,historical
2026-09-22T08:20:00+0530,DEL-BOM,SpiceJet,SG 128,2026-09-23,1,7940,1400,9340,2026-09-22,T+1,historical
2026-09-22T08:20:00+0530,DEL-BOM,IndiGo,6E 750,2026-09-23,1,8070,1420,9490,2026-09-22,T+1,historical
2026-09-22T08:20:00+0530,DEL-BOM,Air India Express,IX 560,2026-09-23,1,8130,1440,9570,2026-09-22,T+1,historical
2026-09-22T08:20:00+0530,DEL-BOM,SpiceJet,SG 128,2026-09-29,7,4970,880,5850,2026-09-22,T+7,historical
2026-09-22T08:20:00+0530,DEL-BOM,Akasa Air,QP 126,2026-09-29,7,5480,970,6450,2026-09-22,T+7,historical
2026-09-22T08:20:00+0530,DEL-BOM,Air India Express,IX 560,2026-09-29,7,5530,980,6510,2026-09-22,T+7,historical
2026-09-22T08:20:00+0530,DEL-BOM,SpiceJet,SG 128,2026-10-07,15,4670,820,5490,2026-09-22,T+15,historical
2026-09-22T08:20:00+0530,DEL-BOM,Air India Express,IX 560,2026-10-07,15,5020,890,5910,2026-09-22,T+15,historical
2026-09-22T08:20:00+0530,DEL-BOM,IndiGo,6E 750,2026-10-07,15,5110,900,6010,2026-09-22,T+15,historical
2026-09-22T08:20:00+0530,DEL-CCU,Air India Express,IX 314,2026-09-23,1,7980,1410,9390,2026-09-22,T+1,historical
2026-09-22T08:20:00+0530,DEL-CCU,SpiceJet,SG 272,2026-09-23,1,8020,1410,9430,2026-09-22,T+1,historical
2026-09-22T08:20:00+0530,DEL-CCU,IndiGo,6E 665,2026-09-23,1,8150,1440,9590,2026-09-22,T+1,historical
2026-09-22T08:20:00+0530,DEL-CCU,Air India Express,IX 314,2026-09-29,7,6430,1140,7570,2026-09-22,T+7,historical
2026-09-22T08:20:00+0530,DEL-CCU,IndiGo,6E 665,2026-09-29,7,6560,1160,7720,2026-09-22,T+7,historical
2026-09-22T08:20:00+0530,DEL-CCU,SpiceJet,SG 272,2026-09-29,7,6610,1170,7780,2026-09-22,T+7,historical
2026-09-22T08:20:00+0530,DEL-CCU,SpiceJet,SG 272,2026-10-07,15,5300,940,6240,2026-09-22,T+15,historical
2026-09-22T08:20:00+0530,DEL-CCU,Air India Express,IX 314,2026-10-07,15,5770,1020,6790,2026-09-22,T+15,historical
2026-09-22T08:20:00+0530,DEL-CCU,IndiGo,6E 665,2026-10-07,15,5930,1050,6980,2026-09-22,T+15,historical
2026-09-23T08:20:00+0530,BLR-HYD,SpiceJet,SG 675,2026-09-24,1,5290,930,6220,2026-09-23,T+1,historical
2026-09-23T08:20:00+0530,BLR-HYD,Akasa Air,QP 891,2026-09-24,1,5580,980,6560,2026-09-23,T+1,historical
2026-09-23T08:20:00+0530,BLR-HYD,IndiGo,6E 967,2026-09-24,1,5660,1000,6660,2026-09-23,T+1,historical
2026-09-23T08:20:00+0530,BLR-HYD,SpiceJet,SG 675,2026-09-30,7,3880,680,4560,2026-09-23,T+7,historical
2026-09-23T08:20:00+0530,BLR-HYD,IndiGo,6E 967,2026-09-30,7,4030,710,4740,2026-09-23,T+7,historical
2026-09-23T08:20:00+0530,BLR-HYD,Akasa Air,QP 891,2026-09-30,7,4060,720,4780,2026-09-23,T+7,historical
2026-09-23T08:20:00+0530,BLR-HYD,SpiceJet,SG 675,2026-10-08,15,3140,550,3690,2026-09-23,T+15,historical
2026-09-23T08:20:00+0530,BLR-HYD,Akasa Air,QP 891,2026-10-08,15,3260,580,3840,2026-09-23,T+15,historical
2026-09-23T08:20:00+0530,BLR-HYD,IndiGo,6E 967,2026-10-08,15,3400,600,4000,2026-09-23,T+15,historical
2026-09-23T08:20:00+0530,BOM-BLR,Air India Express,IX 461,2026-09-24,1,7870,1390,9260,2026-09-23,T+1,historical
2026-09-23T08:20:00+0530,BOM-BLR,SpiceJet,SG 550,2026-09-24,1,8000,1410,9410,2026-09-23,T+1,historical
2026-09-23T08:20:00+0530,BOM-BLR,IndiGo,6E 919,2026-09-24,1,8160,1440,9600,2026-09-23,T+1,historical
2026-09-23T08:20:00+0530,BOM-BLR,Air India Express,IX 461,2026-09-30,7,4960,880,5840,2026-09-23,T+7,historical
2026-09-23T08:20:00+0530,BOM-BLR,SpiceJet,SG 550,2026-09-30,7,5120,900,6020,2026-09-23,T+7,historical
2026-09-23T08:20:00+0530,BOM-BLR,IndiGo,6E 919,2026-09-30,7,5230,920,6150,2026-09-23,T+7,historical
2026-09-23T08:20:00+0530,BOM-BLR,Air India Express,IX 461,2026-10-08,15,4580,810,5390,2026-09-23,T+15,historical
2026-09-23T08:20:00+0530,BOM-BLR,Akasa Air,QP 738,2026-10-08,15,4610,810,5420,2026-09-23,T+15,historical
2026-09-23T08:20:00+0530,BOM-BLR,SpiceJet,SG 550,2026-10-08,15,4620,820,5440,2026-09-23,T+15,historical
2026-09-23T08:20:00+0530,DEL-BLR,Akasa Air,QP 361,2026-09-24,1,9770,1720,11490,2026-09-23,T+1,historical
2026-09-23T08:20:00+0530,DEL-BLR,SpiceJet,SG 715,2026-09-24,1,9800,1730,11530,2026-09-23,T+1,historical
2026-09-23T08:20:00+0530,DEL-BLR,IndiGo,6E 944,2026-09-24,1,9930,1750,11680,2026-09-23,T+1,historical
2026-09-23T08:20:00+0530,DEL-BLR,SpiceJet,SG 715,2026-09-30,7,6660,1170,7830,2026-09-23,T+7,historical
2026-09-23T08:20:00+0530,DEL-BLR,Air India Express,IX 616,2026-09-30,7,6660,1170,7830,2026-09-23,T+7,historical
2026-09-23T08:20:00+0530,DEL-BLR,IndiGo,6E 944,2026-09-30,7,6660,1180,7840,2026-09-23,T+7,historical
2026-09-23T08:20:00+0530,DEL-BLR,SpiceJet,SG 715,2026-10-08,15,6150,1080,7230,2026-09-23,T+15,historical
2026-09-23T08:20:00+0530,DEL-BLR,Air India Express,IX 616,2026-10-08,15,6520,1150,7670,2026-09-23,T+15,historical
2026-09-23T08:20:00+0530,DEL-BLR,Akasa Air,QP 361,2026-10-08,15,6890,1220,8110,2026-09-23,T+15,historical
2026-09-23T08:20:00+0530,DEL-BOM,SpiceJet,SG 971,2026-09-24,1,7560,1340,8900,2026-09-23,T+1,historical
2026-09-23T08:20:00+0530,DEL-BOM,Air India Express,IX 755,2026-09-24,1,7600,1340,8940,2026-09-23,T+1,historical
2026-09-23T08:20:00+0530,DEL-BOM,Akasa Air,QP 482,2026-09-24,1,7610,1340,8950,2026-09-23,T+1,historical
2026-09-23T08:20:00+0530,DEL-BOM,SpiceJet,SG 971,2026-09-30,7,5770,1020,6790,2026-09-23,T+7,historical
2026-09-23T08:20:00+0530,DEL-BOM,IndiGo,6E 418,2026-09-30,7,5790,1020,6810,2026-09-23,T+7,historical
2026-09-23T08:20:00+0530,DEL-BOM,Air India Express,IX 755,2026-09-30,7,5860,1030,6890,2026-09-23,T+7,historical
2026-09-23T08:20:00+0530,DEL-BOM,Air India Express,IX 755,2026-10-08,15,4790,840,5630,2026-09-23,T+15,historical
2026-09-23T08:20:00+0530,DEL-BOM,SpiceJet,SG 971,2026-10-08,15,5210,920,6130,2026-09-23,T+15,historical
2026-09-23T08:20:00+0530,DEL-BOM,Akasa Air,QP 482,2026-10-08,15,5410,960,6370,2026-09-23,T+15,historical
2026-09-23T08:20:00+0530,DEL-CCU,SpiceJet,SG 197,2026-09-24,1,8330,1470,9800,2026-09-23,T+1,historical
2026-09-23T08:20:00+0530,DEL-CCU,Air India Express,IX 877,2026-09-24,1,8710,1540,10250,2026-09-23,T+1,historical
2026-09-23T08:20:00+0530,DEL-CCU,IndiGo,6E 333,2026-09-24,1,9350,1650,11000,2026-09-23,T+1,historical
2026-09-23T08:20:00+0530,DEL-CCU,SpiceJet,SG 197,2026-09-30,7,6370,1120,7490,2026-09-23,T+7,historical
2026-09-23T08:20:00+0530,DEL-CCU,Air India Express,IX 877,2026-09-30,7,6440,1140,7580,2026-09-23,T+7,historical
2026-09-23T08:20:00+0530,DEL-CCU,IndiGo,6E 333,2026-09-30,7,6480,1140,7620,2026-09-23,T+7,historical
2026-09-23T08:20:00+0530,DEL-CCU,Air India Express,IX 877,2026-10-08,15,4990,880,5870,2026-09-23,T+15,historical
2026-09-23T08:20:00+0530,DEL-CCU,IndiGo,6E 333,2026-10-08,15,5230,920,6150,2026-09-23,T+15,historical
2026-09-23T08:20:00+0530,DEL-CCU,SpiceJet,SG 197,2026-10-08,15,5310,940,6250,2026-09-23,T+15,historical
2026-09-24T08:20:00+0530,BLR-HYD,SpiceJet,SG 302,2026-09-25,1,5160,910,6070,2026-09-24,T+1,historical
2026-09-24T08:20:00+0530,BLR-HYD,IndiGo,6E 219,2026-09-25,1,5710,1010,6720,2026-09-24,T+1,historical
2026-09-24T08:20:00+0530,BLR-HYD,Akasa Air,QP 759,2026-09-25,1,6120,1080,7200,2026-09-24,T+1,historical
2026-09-24T08:20:00+0530,BLR-HYD,SpiceJet,SG 302,2026-10-01,7,4370,770,5140,2026-09-24,T+7,historical
2026-09-24T08:20:00+0530,BLR-HYD,IndiGo,6E 219,2026-10-01,7,4790,840,5630,2026-09-24,T+7,historical
2026-09-24T08:20:00+0530,BLR-HYD,Akasa Air,QP 759,2026-10-01,7,4920,870,5790,2026-09-24,T+7,historical
2026-09-24T08:20:00+0530,BLR-HYD,IndiGo,6E 219,2026-10-09,15,3250,570,3820,2026-09-24,T+15,historical
2026-09-24T08:20:00+0530,BLR-HYD,SpiceJet,SG 302,2026-10-09,15,3400,600,4000,2026-09-24,T+15,historical
2026-09-24T08:20:00+0530,BLR-HYD,Akasa Air,QP 759,2026-10-09,15,3410,600,4010,2026-09-24,T+15,historical
2026-09-24T08:20:00+0530,BOM-BLR,SpiceJet,SG 967,2026-09-25,1,6790,1200,7990,2026-09-24,T+1,historical
2026-09-24T08:20:00+0530,BOM-BLR,Akasa Air,QP 816,2026-09-25,1,7030,1240,8270,2026-09-24,T+1,historical
2026-09-24T08:20:00+0530,BOM-BLR,Air India Express,IX 382,2026-09-25,1,7070,1250,8320,2026-09-24,T+1,historical
2026-09-24T08:20:00+0530,BOM-BLR,Air India Express,IX 382,2026-10-01,7,5130,900,6030,2026-09-24,T+7,historical
2026-09-24T08:20:00+0530,BOM-BLR,SpiceJet,SG 967,2026-10-01,7,5240,930,6170,2026-09-24,T+7,historical
2026-09-24T08:20:00+0530,BOM-BLR,IndiGo,6E 311,2026-10-01,7,5430,960,6390,2026-09-24,T+7,historical
2026-09-24T08:20:00+0530,BOM-BLR,Air India Express,IX 382,2026-10-09,15,4210,740,4950,2026-09-24,T+15,historical
2026-09-24T08:20:00+0530,BOM-BLR,SpiceJet,SG 967,2026-10-09,15,4390,770,5160,2026-09-24,T+15,historical
2026-09-24T08:20:00+0530,BOM-BLR,IndiGo,6E 311,2026-10-09,15,4620,810,5430,2026-09-24,T+15,historical
2026-09-24T08:20:00+0530,DEL-BLR,Air India Express,IX 584,2026-09-25,1,10070,1780,11850,2026-09-24,T+1,historical
2026-09-24T08:20:00+0530,DEL-BLR,SpiceJet,SG 295,2026-09-25,1,10260,1810,12070,2026-09-24,T+1,historical
2026-09-24T08:20:00+0530,DEL-BLR,IndiGo,6E 697,2026-09-25,1,10900,1920,12820,2026-09-24,T+1,historical
2026-09-24T08:20:00+0530,DEL-BLR,SpiceJet,SG 295,2026-10-01,7,6540,1160,7700,2026-09-24,T+7,historical
2026-09-24T08:20:00+0530,DEL-BLR,Air India Express,IX 584,2026-10-01,7,6580,1160,7740,2026-09-24,T+7,historical
2026-09-24T08:20:00+0530,DEL-BLR,IndiGo,6E 697,2026-10-01,7,6880,1210,8090,2026-09-24,T+7,historical
2026-09-24T08:20:00+0530,DEL-BLR,SpiceJet,SG 295,2026-10-09,15,5830,1030,6860,2026-09-24,T+15,historical
2026-09-24T08:20:00+0530,DEL-BLR,Air India Express,IX 584,2026-10-09,15,5920,1040,6960,2026-09-24,T+15,historical
2026-09-24T08:20:00+0530,DEL-BLR,IndiGo,6E 697,2026-10-09,15,5930,1050,6980,2026-09-24,T+15,historical
2026-09-24T08:20:00+0530,DEL-BOM,SpiceJet,SG 321,2026-09-25,1,7250,1280,8530,2026-09-24,T+1,historical
2026-09-24T08:20:00+0530,DEL-BOM,Air India Express,IX 770,2026-09-25,1,7550,1330,8880,2026-09-24,T+1,historical
2026-09-24T08:20:00+0530,DEL-BOM,IndiGo,6E 861,2026-09-25,1,8010,1410,9420,2026-09-24,T+1,historical
2026-09-24T08:20:00+0530,DEL-BOM,Air India Express,IX 770,2026-10-01,7,5780,1020,6800,2026-09-24,T+7,historical
2026-09-24T08:20:00+0530,DEL-BOM,Akasa Air,QP 886,2026-10-01,7,5820,1030,6850,2026-09-24,T+7,historical
2026-09-24T08:20:00+0530,DEL-BOM,SpiceJet,SG 321,2026-10-01,7,5880,1040,6920,2026-09-24,T+7,historical
2026-09-24T08:20:00+0530,DEL-BOM,SpiceJet,SG 321,2026-10-09,15,4560,800,5360,2026-09-24,T+15,historical
2026-09-24T08:20:00+0530,DEL-BOM,Air India Express,IX 770,2026-10-09,15,4640,820,5460,2026-09-24,T+15,historical
2026-09-24T08:20:00+0530,DEL-BOM,Akasa Air,QP 886,2026-10-09,15,5120,900,6020,2026-09-24,T+15,historical
2026-09-24T08:20:00+0530,DEL-CCU,SpiceJet,SG 778,2026-09-25,1,7880,1390,9270,2026-09-24,T+1,historical
2026-09-24T08:20:00+0530,DEL-CCU,Air India Express,IX 573,2026-09-25,1,8260,1460,9720,2026-09-24,T+1,historical
2026-09-24T08:20:00+0530,DEL-CCU,IndiGo,6E 529,2026-09-25,1,8810,1550,10360,2026-09-24,T+1,historical
2026-09-24T08:20:00+0530,DEL-CCU,SpiceJet,SG 778,2026-10-01,7,6700,1180,7880,2026-09-24,T+7,historical
2026-09-24T08:20:00+0530,DEL-CCU,IndiGo,6E 529,2026-10-01,7,7070,1250,8320,2026-09-24,T+7,historical
2026-09-24T08:20:00+0530,DEL-CCU,Air India Express,IX 573,2026-10-01,7,7220,1270,8490,2026-09-24,T+7,historical
2026-09-24T08:20:00+0530,DEL-CCU,SpiceJet,SG 778,2026-10-09,15,5710,1010,6720,2026-09-24,T+15,historical
2026-09-24T08:20:00+0530,DEL-CCU,Akasa Air,QP 548,2026-10-09,15,5730,1010,6740,2026-09-24,T+15,historical
2026-09-24T08:20:00+0530,DEL-CCU,IndiGo,6E 529,2026-10-09,15,5740,1010,6750,2026-09-24,T+15,historical
2026-09-25T08:20:00+0530,BLR-HYD,IndiGo,6E 966,2026-09-26,1,5970,1050,7020,2026-09-25,T+1,historical
2026-09-25T08:20:00+0530,BLR-HYD,SpiceJet,SG 597,2026-09-26,1,6040,1060,7100,2026-09-25,T+1,historical
2026-09-25T08:20:00+0530,BLR-HYD,Akasa Air,QP 179,2026-09-26,1,6220,1100,7320,2026-09-25,T+1,historical
2026-09-25T08:20:00+0530,BLR-HYD,IndiGo,6E 966,2026-10-02,7,4330,760,5090,2026-09-25,T+7,historical
2026-09-25T08:20:00+0530,BLR-HYD,SpiceJet,SG 597,2026-10-02,7,4470,790,5260,2026-09-25,T+7,historical
2026-09-25T08:20:00+0530,BLR-HYD,Akasa Air,QP 179,2026-10-02,7,4560,800,5360,2026-09-25,T+7,historical
2026-09-25T08:20:00+0530,BLR-HYD,SpiceJet,SG 597,2026-10-10,15,4040,710,4750,2026-09-25,T+15,historical
2026-09-25T08:20:00+0530,BLR-HYD,IndiGo,6E 966,2026-10-10,15,4680,830,5510,2026-09-25,T+15,historical
2026-09-25T08:20:00+0530,BLR-HYD,Akasa Air,QP 179,2026-10-10,15,4720,830,5550,2026-09-25,T+15,historical
2026-09-25T08:20:00+0530,BOM-BLR,SpiceJet,SG 667,2026-09-26,1,7520,1330,8850,2026-09-25,T+1,historical
2026-09-25T08:20:00+0530,BOM-BLR,IndiGo,6E 351,2026-09-26,1,8070,1420,9490,2026-09-25,T+1,historical
2026-09-25T08:20:00+0530,BOM-BLR,Akasa Air,QP 945,2026-09-26,1,8240,1460,9700,2026-09-25,T+1,historical
2026-09-25T08:20:00+0530,BOM-BLR,SpiceJet,SG 667,2026-10-02,7,5610,990,6600,2026-09-25,T+7,historical
2026-09-25T08:20:00+0530,BOM-BLR,Akasa Air,QP 945,2026-10-02,7,5690,1000,6690,2026-09-25,T+7,historical
2026-09-25T08:20:00+0530,BOM-BLR,Air India Express,IX 803,2026-10-02,7,5820,1030,6850,2026-09-25,T+7,historical
2026-09-25T08:20:00+0530,BOM-BLR,Air India Express,IX 803,2026-10-10,15,5330,940,6270,2026-09-25,T+15,historical
2026-09-25T08:20:00+0530,BOM-BLR,SpiceJet,SG 667,2026-10-10,15,5400,950,6350,2026-09-25,T+15,historical
2026-09-25T08:20:00+0530,BOM-BLR,Akasa Air,QP 945,2026-10-10,15,5450,960,6410,2026-09-25,T+15,historical
2026-09-25T08:20:00+0530,DEL-BLR,SpiceJet,SG 305,2026-09-26,1,11550,2040,13590,2026-09-25,T+1,historical
2026-09-25T08:20:00+0530,DEL-BLR,IndiGo,6E 309,2026-09-26,1,12290,2170,14460,2026-09-25,T+1,historical
2026-09-25T08:20:00+0530,DEL-BLR,Air India Express,IX 441,2026-09-26,1,12710,2240,14950,2026-09-25,T+1,historical
2026-09-25T08:20:00+0530,DEL-BLR,Air India Express,IX 441,2026-10-02,7,7290,1290,8580,2026-09-25,T+7,historical
2026-09-25T08:20:00+0530,DEL-BLR,SpiceJet,SG 305,2026-10-02,7,7400,1300,8700,2026-09-25,T+7,historical
2026-09-25T08:20:00+0530,DEL-BLR,Akasa Air,QP 358,2026-10-02,7,7840,1380,9220,2026-09-25,T+7,historical
2026-09-25T08:20:00+0530,DEL-BLR,SpiceJet,SG 305,2026-10-10,15,6400,1130,7530,2026-09-25,T+15,historical
2026-09-25T08:20:00+0530,DEL-BLR,Air India Express,IX 441,2026-10-10,15,6430,1140,7570,2026-09-25,T+15,historical
2026-09-25T08:20:00+0530,DEL-BLR,IndiGo,6E 309,2026-10-10,15,7310,1290,8600,2026-09-25,T+15,historical
2026-09-25T08:20:00+0530,DEL-BOM,SpiceJet,SG 148,2026-09-26,1,8620,1520,10140,2026-09-25,T+1,historical
2026-09-25T08:20:00+0530,DEL-BOM,Air India Express,IX 829,2026-09-26,1,9020,1590,10610,2026-09-25,T+1,historical
2026-09-25T08:20:00+0530,DEL-BOM,Akasa Air,QP 491,2026-09-26,1,9640,1700,11340,2026-09-25,T+1,historical
2026-09-25T08:20:00+0530,DEL-BOM,IndiGo,6E 194,2026-10-02,7,6640,1170,7810,2026-09-25,T+7,historical
2026-09-25T08:20:00+0530,DEL-BOM,SpiceJet,SG 148,2026-10-02,7,6790,1200,7990,2026-09-25,T+7,historical
2026-09-25T08:20:00+0530,DEL-BOM,Air India Express,IX 829,2026-10-02,7,6880,1220,8100,2026-09-25,T+7,historical
2026-09-25T08:20:00+0530,DEL-BOM,SpiceJet,SG 148,2026-10-10,15,5700,1000,6700,2026-09-25,T+15,historical
2026-09-25T08:20:00+0530,DEL-BOM,IndiGo,6E 194,2026-10-10,15,5850,1030,6880,2026-09-25,T+15,historical
2026-09-25T08:20:00+0530,DEL-BOM,Air India Express,IX 829,2026-10-10,15,6170,1090,7260,2026-09-25,T+15,historical
2026-09-25T08:20:00+0530,DEL-CCU,Air India Express,IX 477,2026-09-26,1,9050,1600,10650,2026-09-25,T+1,historical
2026-09-25T08:20:00+0530,DEL-CCU,IndiGo,6E 126,2026-09-26,1,9260,1630,10890,2026-09-25,T+1,historical
2026-09-25T08:20:00+0530,DEL-CCU,SpiceJet,SG 749,2026-09-26,1,9590,1690,11280,2026-09-25,T+1,historical
2026-09-25T08:20:00+0530,DEL-CCU,SpiceJet,SG 749,2026-10-02,7,6880,1220,8100,2026-09-25,T+7,historical
2026-09-25T08:20:00+0530,DEL-CCU,Air India Express,IX 477,2026-10-02,7,6920,1220,8140,2026-09-25,T+7,historical
2026-09-25T08:20:00+0530,DEL-CCU,IndiGo,6E 126,2026-10-02,7,6940,1220,8160,2026-09-25,T+7,historical
2026-09-25T08:20:00+0530,DEL-CCU,SpiceJet,SG 749,2026-10-10,15,5780,1020,6800,2026-09-25,T+15,historical
2026-09-25T08:20:00+0530,DEL-CCU,IndiGo,6E 126,2026-10-10,15,5860,1030,6890,2026-09-25,T+15,historical
2026-09-25T08:20:00+0530,DEL-CCU,Akasa Air,QP 255,2026-10-10,15,6190,1090,7280,2026-09-25,T+15,historical
2026-09-26T08:20:00+0530,BLR-HYD,SpiceJet,SG 523,2026-09-27,1,7000,1240,8240,2026-09-26,T+1,historical
2026-09-26T08:20:00+0530,BLR-HYD,Akasa Air,QP 337,2026-09-27,1,7300,1290,8590,2026-09-26,T+1,historical
2026-09-26T08:20:00+0530,BLR-HYD,IndiGo,6E 775,2026-09-27,1,7420,1310,8730,2026-09-26,T+1,historical
2026-09-26T08:20:00+0530,BLR-HYD,SpiceJet,SG 523,2026-10-03,7,4370,770,5140,2026-09-26,T+7,historical
2026-09-26T08:20:00+0530,BLR-HYD,IndiGo,6E 775,2026-10-03,7,4490,790,5280,2026-09-26,T+7,historical
2026-09-26T08:20:00+0530,BLR-HYD,Akasa Air,QP 337,2026-10-03,7,4760,840,5600,2026-09-26,T+7,historical
2026-09-26T08:20:00+0530,BLR-HYD,SpiceJet,SG 523,2026-10-11,15,3430,600,4030,2026-09-26,T+15,historical
2026-09-26T08:20:00+0530,BLR-HYD,IndiGo,6E 775,2026-10-11,15,3560,630,4190,2026-09-26,T+15,historical
2026-09-26T08:20:00+0530,BLR-HYD,Air India,AI 422,2026-10-11,15,3820,670,4490,2026-09-26,T+15,historical
2026-09-26T08:20:00+0530,BOM-BLR,SpiceJet,SG 591,2026-09-27,1,7670,1350,9020,2026-09-26,T+1,historical
2026-09-26T08:20:00+0530,BOM-BLR,IndiGo,6E 247,2026-09-27,1,8460,1490,9950,2026-09-26,T+1,historical
2026-09-26T08:20:00+0530,BOM-BLR,Air India Express,IX 340,2026-09-27,1,8520,1500,10020,2026-09-26,T+1,historical
2026-09-26T08:20:00+0530,BOM-BLR,Air India Express,IX 340,2026-10-03,7,5750,1020,6770,2026-09-26,T+7,historical
2026-09-26T08:20:00+0530,BOM-BLR,SpiceJet,SG 591,2026-10-03,7,5860,1030,6890,2026-09-26,T+7,historical
2026-09-26T08:20:00+0530,BOM-BLR,Akasa Air,QP 310,2026-10-03,7,6060,1070,7130,2026-09-26,T+7,historical
2026-09-26T08:20:00+0530,BOM-BLR,SpiceJet,SG 591,2026-10-11,15,5020,890,5910,2026-09-26,T+15,historical
2026-09-26T08:20:00+0530,BOM-BLR,Air India Express,IX 340,2026-10-11,15,5410,950,6360,2026-09-26,T+15,historical
2026-09-26T08:20:00+0530,BOM-BLR,IndiGo,6E 247,2026-10-11,15,5660,1000,6660,2026-09-26,T+15,historical
2026-09-26T08:20:00+0530,DEL-BLR,SpiceJet,SG 719,2026-09-27,1,11180,1970,13150,2026-09-26,T+1,historical
2026-09-26T08:20:00+0530,DEL-BLR,Air India Express,IX 482,2026-09-27,1,11480,2020,13500,2026-09-26,T+1,historical
2026-09-26T08:20:00+0530,DEL-BLR,IndiGo,6E 211,2026-09-27,1,11850,2090,13940,2026-09-26,T+1,historical
2026-09-26T08:20:00+0530,DEL-BLR,SpiceJet,SG 719,2026-10-03,7,7900,1400,9300,2026-09-26,T+7,historical
2026-09-26T08:20:00+0530,DEL-BLR,Air India Express,IX 482,2026-10-03,7,7910,1400,9310,2026-09-26,T+7,historical
2026-09-26T08:20:00+0530,DEL-BLR,IndiGo,6E 211,2026-10-03,7,8190,1450,9640,2026-09-26,T+7,historical
2026-09-26T08:20:00+0530,DEL-BLR,SpiceJet,SG 719,2026-10-11,15,6400,1130,7530,2026-09-26,T+15,historical
2026-09-26T08:20:00+0530,DEL-BLR,Air India Express,IX 482,2026-10-11,15,6550,1160,7710,2026-09-26,T+15,historical
2026-09-26T08:20:00+0530,DEL-BLR,IndiGo,6E 211,2026-10-11,15,7060,1250,8310,2026-09-26,T+15,historical
2026-09-26T08:20:00+0530,DEL-BOM,SpiceJet,SG 464,2026-09-27,1,8440,1490,9930,2026-09-26,T+1,historical
2026-09-26T08:20:00+0530,DEL-BOM,Air India Express,IX 161,2026-09-27,1,8830,1560,10390,2026-09-26,T+1,historical
2026-09-26T08:20:00+0530,DEL-BOM,IndiGo,6E 901,2026-09-27,1,9240,1630,10870,2026-09-26,T+1,historical
2026-09-26T08:20:00+0530,DEL-BOM,SpiceJet,SG 464,2026-10-03,7,5880,1040,6920,2026-09-26,T+7,historical
2026-09-26T08:20:00+0530,DEL-BOM,Air India Express,IX 161,2026-10-03,7,5890,1040,6930,2026-09-26,T+7,historical
2026-09-26T08:20:00+0530,DEL-BOM,Akasa Air,QP 504,2026-10-03,7,6280,1110,7390,2026-09-26,T+7,historical
2026-09-26T08:20:00+0530,DEL-BOM,Air India Express,IX 161,2026-10-11,15,5410,960,6370,2026-09-26,T+15,historical
2026-09-26T08:20:00+0530,DEL-BOM,SpiceJet,SG 464,2026-10-11,15,5470,970,6440,2026-09-26,T+15,historical
2026-09-26T08:20:00+0530,DEL-BOM,Akasa Air,QP 504,2026-10-11,15,5690,1000,6690,2026-09-26,T+15,historical
2026-09-26T08:20:00+0530,DEL-CCU,Air India Express,IX 953,2026-09-27,1,8240,1460,9700,2026-09-26,T+1,historical
2026-09-26T08:20:00+0530,DEL-CCU,SpiceJet,SG 735,2026-09-27,1,8650,1530,10180,2026-09-26,T+1,historical
2026-09-26T08:20:00+0530,DEL-CCU,IndiGo,6E 977,2026-09-27,1,8770,1550,10320,2026-09-26,T+1,historical
2026-09-26T08:20:00+0530,DEL-CCU,SpiceJet,SG 735,2026-10-03,7,7000,1240,8240,2026-09-26,T+7,historical
2026-09-26T08:20:00+0530,DEL-CCU,Air India Express,IX 953,2026-10-03,7,7200,1270,8470,2026-09-26,T+7,historical
2026-09-26T08:20:00+0530,DEL-CCU,IndiGo,6E 977,2026-10-03,7,7640,1350,8990,2026-09-26,T+7,historical
2026-09-26T08:20:00+0530,DEL-CCU,Air India Express,IX 953,2026-10-11,15,6060,1070,7130,2026-09-26,T+15,historical
2026-09-26T08:20:00+0530,DEL-CCU,SpiceJet,SG 735,2026-10-11,15,6190,1090,7280,2026-09-26,T+15,historical
2026-09-26T08:20:00+0530,DEL-CCU,IndiGo,6E 977,2026-10-11,15,6230,1100,7330,2026-09-26,T+15,historical
2026-09-27T08:20:00+0530,BLR-HYD,SpiceJet,SG 482,2026-09-28,1,5750,1010,6760,2026-09-27,T+1,historical
2026-09-27T08:20:00+0530,BLR-HYD,IndiGo,6E 610,2026-09-28,1,5910,1040,6950,2026-09-27,T+1,historical
2026-09-27T08:20:00+0530,BLR-HYD,Akasa Air,QP 135,2026-09-28,1,6140,1080,7220,2026-09-27,T+1,historical
2026-09-27T08:20:00+0530,BLR-HYD,IndiGo,6E 610,2026-10-04,7,4150,730,4880,2026-09-27,T+7,historical
2026-09-27T08:20:00+0530,BLR-HYD,SpiceJet,SG 482,2026-10-04,7,4220,740,4960,2026-09-27,T+7,historical
2026-09-27T08:20:00+0530,BLR-HYD,Akasa Air,QP 135,2026-10-04,7,4450,790,5240,2026-09-27,T+7,historical
2026-09-27T08:20:00+0530,BLR-HYD,IndiGo,6E 610,2026-10-12,15,3530,620,4150,2026-09-27,T+15,historical
2026-09-27T08:20:00+0530,BLR-HYD,SpiceJet,SG 482,2026-10-12,15,3560,630,4190,2026-09-27,T+15,historical
2026-09-27T08:20:00+0530,BLR-HYD,Akasa Air,QP 135,2026-10-12,15,3690,650,4340,2026-09-27,T+15,historical
2026-09-27T08:20:00+0530,BOM-BLR,IndiGo,6E 164,2026-09-28,1,7020,1240,8260,2026-09-27,T+1,historical
2026-09-27T08:20:00+0530,BOM-BLR,SpiceJet,SG 825,2026-09-28,1,7030,1240,8270,2026-09-27,T+1,historical
2026-09-27T08:20:00+0530,BOM-BLR,Akasa Air,QP 904,2026-09-28,1,7290,1290,8580,2026-09-27,T+1,historical
2026-09-27T08:20:00+0530,BOM-BLR,Air India Express,IX 824,2026-10-04,7,5250,930,6180,2026-09-27,T+7,historical
2026-09-27T08:20:00+0530,BOM-BLR,SpiceJet,SG 825,2026-10-04,7,5370,950,6320,2026-09-27,T+7,historical
2026-09-27T08:20:00+0530,BOM-BLR,IndiGo,6E 164,2026-10-04,7,5590,990,6580,2026-09-27,T+7,historical
2026-09-27T08:20:00+0530,BOM-BLR,IndiGo,6E 164,2026-10-12,15,4500,790,5290,2026-09-27,T+15,historical
2026-09-27T08:20:00+0530,BOM-BLR,SpiceJet,SG 825,2026-10-12,15,4500,800,5300,2026-09-27,T+15,historical
2026-09-27T08:20:00+0530,BOM-BLR,Air India Express,IX 824,2026-10-12,15,4510,800,5310,2026-09-27,T+15,historical
2026-09-27T08:20:00+0530,DEL-BLR,SpiceJet,SG 142,2026-09-28,1,9910,1750,11660,2026-09-27,T+1,historical
2026-09-27T08:20:00+0530,DEL-BLR,Air India Express,IX 947,2026-09-28,1,10910,1930,12840,2026-09-27,T+1,historical
2026-09-27T08:20:00+0530,DEL-BLR,IndiGo,6E 558,2026-09-28,1,10960,1930,12890,2026-09-27,T+1,historical
2026-09-27T08:20:00+0530,DEL-BLR,IndiGo,6E 558,2026-10-04,7,7990,1410,9400,2026-09-27,T+7,historical
2026-09-27T08:20:00+0530,DEL-BLR,Air India Express,IX 947,2026-10-04,7,8070,1420,9490,2026-09-27,T+7,historical
2026-09-27T08:20:00+0530,DEL-BLR,Akasa Air,QP 799,2026-10-04,7,8300,1460,9760,2026-09-27,T+7,historical
2026-09-27T08:20:00+0530,DEL-BLR,SpiceJet,SG 142,2026-10-12,15,6280,1110,7390,2026-09-27,T+15,historical
2026-09-27T08:20:00+0530,DEL-BLR,IndiGo,6E 558,2026-10-12,15,6400,1130,7530,2026-09-27,T+15,historical
2026-09-27T08:20:00+0530,DEL-BLR,Air India Express,IX 947,2026-10-12,15,6470,1140,7610,2026-09-27,T+15,historical
2026-09-27T08:20:00+0530,DEL-BOM,Air India Express,IX 885,2026-09-28,1,8420,1490,9910,2026-09-27,T+1,historical
2026-09-27T08:20:00+0530,DEL-BOM,SpiceJet,SG 510,2026-09-28,1,8760,1540,10300,2026-09-27,T+1,historical
2026-09-27T08:20:00+0530,DEL-BOM,IndiGo,6E 634,2026-09-28,1,8930,1580,10510,2026-09-27,T+1,historical
2026-09-27T08:20:00+0530,DEL-BOM,SpiceJet,SG 510,2026-10-04,7,6260,1100,7360,2026-09-27,T+7,historical
2026-09-27T08:20:00+0530,DEL-BOM,IndiGo,6E 634,2026-10-04,7,6480,1140,7620,2026-09-27,T+7,historical
2026-09-27T08:20:00+0530,DEL-BOM,Air India Express,IX 885,2026-10-04,7,6610,1170,7780,2026-09-27,T+7,historical
2026-09-27T08:20:00+0530,DEL-BOM,SpiceJet,SG 510,2026-10-12,15,4790,850,5640,2026-09-27,T+15,historical
2026-09-27T08:20:00+0530,DEL-BOM,IndiGo,6E 634,2026-10-12,15,5240,920,6160,2026-09-27,T+15,historical
2026-09-27T08:20:00+0530,DEL-BOM,Air India Express,IX 885,2026-10-12,15,5290,930,6220,2026-09-27,T+15,historical
2026-09-27T08:20:00+0530,DEL-CCU,IndiGo,6E 867,2026-09-28,1,9200,1620,10820,2026-09-27,T+1,historical
2026-09-27T08:20:00+0530,DEL-CCU,Air India Express,IX 412,2026-09-28,1,9370,1650,11020,2026-09-27,T+1,historical
2026-09-27T08:20:00+0530,DEL-CCU,SpiceJet,SG 823,2026-09-28,1,9580,1690,11270,2026-09-27,T+1,historical
2026-09-27T08:20:00+0530,DEL-CCU,SpiceJet,SG 823,2026-10-04,7,6190,1090,7280,2026-09-27,T+7,historical
2026-09-27T08:20:00+0530,DEL-CCU,Akasa Air,QP 782,2026-10-04,7,6770,1200,7970,2026-09-27,T+7,historical
2026-09-27T08:20:00+0530,DEL-CCU,Air India Express,IX 412,2026-10-04,7,6960,1230,8190,2026-09-27,T+7,historical
2026-09-27T08:20:00+0530,DEL-CCU,SpiceJet,SG 823,2026-10-12,15,6260,1100,7360,2026-09-27,T+15,historical
2026-09-27T08:20:00+0530,DEL-CCU,Air India Express,IX 412,2026-10-12,15,6310,1110,7420,2026-09-27,T+15,historical
2026-09-27T08:20:00+0530,DEL-CCU,IndiGo,6E 867,2026-10-12,15,6690,1180,7870,2026-09-27,T+15,historical
2026-09-28T08:20:00+0530,BLR-HYD,SpiceJet,SG 583,2026-09-29,1,5660,1000,6660,2026-09-28,T+1,historical
2026-09-28T08:20:00+0530,BLR-HYD,Akasa Air,QP 170,2026-09-29,1,5910,1040,6950,2026-09-28,T+1,historical
2026-09-28T08:20:00+0530,BLR-HYD,IndiGo,6E 384,2026-09-29,1,5980,1050,7030,2026-09-28,T+1,historical
2026-09-28T08:20:00+0530,BLR-HYD,SpiceJet,SG 583,2026-10-05,7,4190,740,4930,2026-09-28,T+7,historical
2026-09-28T08:20:00+0530,BLR-HYD,IndiGo,6E 384,2026-10-05,7,4330,760,5090,2026-09-28,T+7,historical
2026-09-28T08:20:00+0530,BLR-HYD,Akasa Air,QP 170,2026-10-05,7,4500,800,5300,2026-09-28,T+7,historical
2026-09-28T08:20:00+0530,BLR-HYD,SpiceJet,SG 583,2026-10-13,15,3270,580,3850,2026-09-28,T+15,historical
2026-09-28T08:20:00+0530,BLR-HYD,IndiGo,6E 384,2026-10-13,15,3720,660,4380,2026-09-28,T+15,historical
2026-09-28T08:20:00+0530,BLR-HYD,Akasa Air,QP 170,2026-10-13,15,3750,660,4410,2026-09-28,T+15,historical
2026-09-28T08:20:00+0530,BOM-BLR,SpiceJet,SG 615,2026-09-29,1,7540,1330,8870,2026-09-28,T+1,historical
2026-09-28T08:20:00+0530,BOM-BLR,Air India Express,IX 745,2026-09-29,1,7540,1330,8870,2026-09-28,T+1,historical
2026-09-28T08:20:00+0530,BOM-BLR,IndiGo,6E 924,2026-09-29,1,7690,1360,9050,2026-09-28,T+1,historical
2026-09-28T08:20:00+0530,BOM-BLR,SpiceJet,SG 615,2026-10-05,7,5200,920,6120,2026-09-28,T+7,historical
2026-09-28T08:20:00+0530,BOM-BLR,Air India Express,IX 745,2026-10-05,7,5270,930,6200,2026-09-28,T+7,historical
2026-09-28T08:20:00+0530,BOM-BLR,IndiGo,6E 924,2026-10-05,7,5720,1010,6730,2026-09-28,T+7,historical
2026-09-28T08:20:00+0530,BOM-BLR,IndiGo,6E 924,2026-10-13,15,4760,840,5600,2026-09-28,T+15,historical
2026-09-28T08:20:00+0530,BOM-BLR,Air India Express,IX 745,2026-10-13,15,4830,850,5680,2026-09-28,T+15,historical
2026-09-28T08:20:00+0530,BOM-BLR,SpiceJet,SG 615,2026-10-13,15,5050,890,5940,2026-09-28,T+15,historical
2026-09-28T08:20:00+0530,DEL-BLR,IndiGo,6E 706,2026-09-29,1,11080,1950,13030,2026-09-28,T+1,historical
2026-09-28T08:20:00+0530,DEL-BLR,Akasa Air,QP 642,2026-09-29,1,11700,2060,13760,2026-09-28,T+1,historical
2026-09-28T08:20:00+0530,DEL-BLR,SpiceJet,SG 427,2026-09-29,1,11790,2080,13870,2026-09-28,T+1,historical
2026-09-28T08:20:00+0530,DEL-BLR,Air India Express,IX 476,2026-10-05,7,6940,1230,8170,2026-09-28,T+7,historical
2026-09-28T08:20:00+0530,DEL-BLR,IndiGo,6E 706,2026-10-05,7,7010,1240,8250,2026-09-28,T+7,historical
2026-09-28T08:20:00+0530,DEL-BLR,SpiceJet,SG 427,2026-10-05,7,7170,1260,8430,2026-09-28,T+7,historical
2026-09-28T08:20:00+0530,DEL-BLR,Air India Express,IX 476,2026-10-13,15,6410,1130,7540,2026-09-28,T+15,historical
2026-09-28T08:20:00+0530,DEL-BLR,IndiGo,6E 706,2026-10-13,15,6470,1140,7610,2026-09-28,T+15,historical
2026-09-28T08:20:00+0530,DEL-BLR,SpiceJet,SG 427,2026-10-13,15,6930,1220,8150,2026-09-28,T+15,historical
2026-09-28T08:20:00+0530,DEL-BOM,Akasa Air,QP 643,2026-09-29,1,8990,1590,10580,2026-09-28,T+1,historical
2026-09-28T08:20:00+0530,DEL-BOM,Air India Express,IX 528,2026-09-29,1,9070,1600,10670,2026-09-28,T+1,historical
2026-09-28T08:20:00+0530,DEL-BOM,SpiceJet,SG 517,2026-09-29,1,9130,1610,10740,2026-09-28,T+1,historical
2026-09-28T08:20:00+0530,DEL-BOM,SpiceJet,SG 517,2026-10-05,7,5940,1050,6990,2026-09-28,T+7,historical
2026-09-28T08:20:00+0530,DEL-BOM,Air India Express,IX 528,2026-10-05,7,6110,1080,7190,2026-09-28,T+7,historical
2026-09-28T08:20:00+0530,DEL-BOM,IndiGo,6E 755,2026-10-05,7,6220,1100,7320,2026-09-28,T+7,historical
2026-09-28T08:20:00+0530,DEL-BOM,Air India Express,IX 528,2026-10-13,15,4730,830,5560,2026-09-28,T+15,historical
2026-09-28T08:20:00+0530,DEL-BOM,SpiceJet,SG 517,2026-10-13,15,4780,840,5620,2026-09-28,T+15,historical
2026-09-28T08:20:00+0530,DEL-BOM,IndiGo,6E 755,2026-10-13,15,4900,870,5770,2026-09-28,T+15,historical
2026-09-28T08:20:00+0530,DEL-CCU,Air India Express,IX 937,2026-09-29,1,8520,1500,10020,2026-09-28,T+1,historical
2026-09-28T08:20:00+0530,DEL-CCU,IndiGo,6E 365,2026-09-29,1,8950,1580,10530,2026-09-28,T+1,historical
2026-09-28T08:20:00+0530,DEL-CCU,SpiceJet,SG 766,2026-09-29,1,9090,1600,10690,2026-09-28,T+1,historical
2026-09-28T08:20:00+0530,DEL-CCU,Air India Express,IX 937,2026-10-05,7,6330,1120,7450,2026-09-28,T+7,historical
2026-09-28T08:20:00+0530,DEL-CCU,IndiGo,6E 365,2026-10-05,7,6390,1130,7520,2026-09-28,T+7,historical
2026-09-28T08:20:00+0530,DEL-CCU,SpiceJet,SG 766,2026-10-05,7,6690,1180,7870,2026-09-28,T+7,historical
2026-09-28T08:20:00+0530,DEL-CCU,Air India Express,IX 937,2026-10-13,15,5700,1000,6700,2026-09-28,T+15,historical
2026-09-28T08:20:00+0530,DEL-CCU,IndiGo,6E 365,2026-10-13,15,5800,1020,6820,2026-09-28,T+15,historical
2026-09-28T08:20:00+0530,DEL-CCU,SpiceJet,SG 766,2026-10-13,15,6020,1060,7080,2026-09-28,T+15,historical
2026-09-29T08:20:00+0530,BLR-HYD,SpiceJet,SG 333,2026-09-30,1,5730,1010,6740,2026-09-29,T+1,historical
2026-09-29T08:20:00+0530,BLR-HYD,IndiGo,6E 458,2026-09-30,1,5840,1030,6870,2026-09-29,T+1,historical
2026-09-29T08:20:00+0530,BLR-HYD,Akasa Air,QP 140,2026-09-30,1,6070,1070,7140,2026-09-29,T+1,historical
2026-09-29T08:20:00+0530,BLR-HYD,SpiceJet,SG 333,2026-10-06,7,4050,710,4760,2026-09-29,T+7,historical
2026-09-29T08:20:00+0530,BLR-HYD,IndiGo,6E 458,2026-10-06,7,4160,730,4890,2026-09-29,T+7,historical
2026-09-29T08:20:00+0530,BLR-HYD,Akasa Air,QP 140,2026-10-06,7,4390,780,5170,2026-09-29,T+7,historical
2026-09-29T08:20:00+0530,BLR-HYD,SpiceJet,SG 333,2026-10-14,15,3700,650,4350,2026-09-29,T+15,historical
2026-09-29T08:20:00+0530,BLR-HYD,Akasa Air,QP 140,2026-10-14,15,3780,670,4450,2026-09-29,T+15,historical
2026-09-29T08:20:00+0530,BLR-HYD,IndiGo,6E 458,2026-10-14,15,3920,690,4610,2026-09-29,T+15,historical
2026-09-29T08:20:00+0530,BOM-BLR,Air India Express,IX 130,2026-09-30,1,6340,1120,7460,2026-09-29,T+1,historical
2026-09-29T08:20:00+0530,BOM-BLR,SpiceJet,SG 420,2026-09-30,1,6600,1160,7760,2026-09-29,T+1,historical
2026-09-29T08:20:00+0530,BOM-BLR,IndiGo,6E 859,2026-09-30,1,6960,1230,8190,2026-09-29,T+1,historical
2026-09-29T08:20:00+0530,BOM-BLR,Air India Express,IX 130,2026-10-06,7,5410,950,6360,2026-09-29,T+7,historical
2026-09-29T08:20:00+0530,BOM-BLR,SpiceJet,SG 420,2026-10-06,7,5650,1000,6650,2026-09-29,T+7,historical
2026-09-29T08:20:00+0530,BOM-BLR,IndiGo,6E 859,2026-10-06,7,5860,1040,6900,2026-09-29,T+7,historical
2026-09-29T08:20:00+0530,BOM-BLR,IndiGo,6E 859,2026-10-14,15,3960,700,4660,2026-09-29,T+15,historical
2026-09-29T08:20:00+0530,BOM-BLR,Air India Express,IX 130,2026-10-14,15,3960,700,4660,2026-09-29,T+15,historical
2026-09-29T08:20:00+0530,BOM-BLR,SpiceJet,SG 420,2026-10-14,15,4050,720,4770,2026-09-29,T+15,historical
2026-09-29T08:20:00+0530,DEL-BLR,SpiceJet,SG 544,2026-09-30,1,8690,1530,10220,2026-09-29,T+1,historical
2026-09-29T08:20:00+0530,DEL-BLR,IndiGo,6E 883,2026-09-30,1,9380,1650,11030,2026-09-29,T+1,historical
2026-09-29T08:20:00+0530,DEL-BLR,Air India Express,IX 907,2026-09-30,1,9820,1730,11550,2026-09-29,T+1,historical
2026-09-29T08:20:00+0530,DEL-BLR,SpiceJet,SG 544,2026-10-06,7,7240,1280,8520,2026-09-29,T+7,historical
2026-09-29T08:20:00+0530,DEL-BLR,Air India Express,IX 907,2026-10-06,7,7580,1340,8920,2026-09-29,T+7,historical
2026-09-29T08:20:00+0530,DEL-BLR,IndiGo,6E 883,2026-10-06,7,7700,1360,9060,2026-09-29,T+7,historical
2026-09-29T08:20:00+0530,DEL-BLR,SpiceJet,SG 544,2026-10-14,15,6210,1100,7310,2026-09-29,T+15,historical
2026-09-29T08:20:00+0530,DEL-BLR,IndiGo,6E 883,2026-10-14,15,6220,1100,7320,2026-09-29,T+15,historical
2026-09-29T08:20:00+0530,DEL-BLR,Air India Express,IX 907,2026-10-14,15,6380,1130,7510,2026-09-29,T+15,historical
2026-09-29T08:20:00+0530,DEL-BOM,IndiGo,6E 629,2026-09-30,1,7870,1390,9260,2026-09-29,T+1,historical
2026-09-29T08:20:00+0530,DEL-BOM,Air India Express,IX 709,2026-09-30,1,8170,1440,9610,2026-09-29,T+1,historical
2026-09-29T08:20:00+0530,DEL-BOM,SpiceJet,SG 117,2026-09-30,1,8180,1440,9620,2026-09-29,T+1,historical
2026-09-29T08:20:00+0530,DEL-BOM,IndiGo,6E 629,2026-10-06,7,6040,1060,7100,2026-09-29,T+7,historical
2026-09-29T08:20:00+0530,DEL-BOM,SpiceJet,SG 117,2026-10-06,7,6130,1080,7210,2026-09-29,T+7,historical
2026-09-29T08:20:00+0530,DEL-BOM,Akasa Air,QP 596,2026-10-06,7,6260,1100,7360,2026-09-29,T+7,historical
2026-09-29T08:20:00+0530,DEL-BOM,SpiceJet,SG 117,2026-10-14,15,4870,860,5730,2026-09-29,T+15,historical
2026-09-29T08:20:00+0530,DEL-BOM,IndiGo,6E 629,2026-10-14,15,4920,870,5790,2026-09-29,T+15,historical
2026-09-29T08:20:00+0530,DEL-BOM,Air India Express,IX 709,2026-10-14,15,5130,900,6030,2026-09-29,T+15,historical
2026-09-29T08:20:00+0530,DEL-CCU,IndiGo,6E 438,2026-09-30,1,9450,1670,11120,2026-09-29,T+1,historical
2026-09-29T08:20:00+0530,DEL-CCU,Akasa Air,QP 899,2026-09-30,1,9770,1720,11490,2026-09-29,T+1,historical
2026-09-29T08:20:00+0530,DEL-CCU,Air India Express,IX 357,2026-09-30,1,9790,1730,11520,2026-09-29,T+1,historical
2026-09-29T08:20:00+0530,DEL-CCU,IndiGo,6E 438,2026-10-06,7,6650,1170,7820,2026-09-29,T+7,historical
2026-09-29T08:20:00+0530,DEL-CCU,Air India Express,IX 357,2026-10-06,7,6700,1180,7880,2026-09-29,T+7,historical
2026-09-29T08:20:00+0530,DEL-CCU,SpiceJet,SG 462,2026-10-06,7,6770,1200,7970,2026-09-29,T+7,historical
2026-09-29T08:20:00+0530,DEL-CCU,Air India Express,IX 357,2026-10-14,15,5240,920,6160,2026-09-29,T+15,historical
2026-09-29T08:20:00+0530,DEL-CCU,SpiceJet,SG 462,2026-10-14,15,5270,930,6200,2026-09-29,T+15,historical
2026-09-29T08:20:00+0530,DEL-CCU,IndiGo,6E 438,2026-10-14,15,5430,960,6390,2026-09-29,T+15,historical
2026-09-30T08:20:00+0530,BLR-HYD,SpiceJet,SG 402,2026-10-01,1,5110,900,6010,2026-09-30,T+1,historical
2026-09-30T08:20:00+0530,BLR-HYD,IndiGo,6E 548,2026-10-01,1,5770,1020,6790,2026-09-30,T+1,historical
2026-09-30T08:20:00+0530,BLR-HYD,Akasa Air,QP 792,2026-10-01,1,6050,1070,7120,2026-09-30,T+1,historical
2026-09-30T08:20:00+0530,BLR-HYD,SpiceJet,SG 402,2026-10-07,7,3870,680,4550,2026-09-30,T+7,historical
2026-09-30T08:20:00+0530,BLR-HYD,IndiGo,6E 548,2026-10-07,7,4000,700,4700,2026-09-30,T+7,historical
2026-09-30T08:20:00+0530,BLR-HYD,Akasa Air,QP 792,2026-10-07,7,4250,750,5000,2026-09-30,T+7,historical
2026-09-30T08:20:00+0530,BLR-HYD,SpiceJet,SG 402,2026-10-15,15,3280,580,3860,2026-09-30,T+15,historical
2026-09-30T08:20:00+0530,BLR-HYD,Akasa Air,QP 792,2026-10-15,15,3750,660,4410,2026-09-30,T+15,historical
2026-09-30T08:20:00+0530,BLR-HYD,IndiGo,6E 548,2026-10-15,15,3770,660,4430,2026-09-30,T+15,historical
2026-09-30T08:20:00+0530,BOM-BLR,SpiceJet,SG 451,2026-10-01,1,7170,1260,8430,2026-09-30,T+1,historical
2026-09-30T08:20:00+0530,BOM-BLR,Air India Express,IX 287,2026-10-01,1,7270,1280,8550,2026-09-30,T+1,historical
2026-09-30T08:20:00+0530,BOM-BLR,IndiGo,6E 789,2026-10-01,1,7510,1320,8830,2026-09-30,T+1,historical
2026-09-30T08:20:00+0530,BOM-BLR,SpiceJet,SG 451,2026-10-07,7,4920,870,5790,2026-09-30,T+7,historical
2026-09-30T08:20:00+0530,BOM-BLR,Air India Express,IX 287,2026-10-07,7,4960,880,5840,2026-09-30,T+7,historical
2026-09-30T08:20:00+0530,BOM-BLR,Akasa Air,QP 282,2026-10-07,7,5170,910,6080,2026-09-30,T+7,historical
2026-09-30T08:20:00+0530,BOM-BLR,Air India Express,IX 287,2026-10-15,15,4300,760,5060,2026-09-30,T+15,historical
2026-09-30T08:20:00+0530,BOM-BLR,SpiceJet,SG 451,2026-10-15,15,4340,770,5110,2026-09-30,T+15,historical
2026-09-30T08:20:00+0530,BOM-BLR,IndiGo,6E 789,2026-10-15,15,4430,780,5210,2026-09-30,T+15,historical
2026-09-30T08:20:00+0530,DEL-BLR,SpiceJet,SG 300,2026-10-01,1,9540,1680,11220,2026-09-30,T+1,historical
2026-09-30T08:20:00+0530,DEL-BLR,IndiGo,6E 325,2026-10-01,1,9860,1740,11600,2026-09-30,T+1,historical
2026-09-30T08:20:00+0530,DEL-BLR,Air India Express,IX 308,2026-10-01,1,9900,1750,11650,2026-09-30,T+1,historical
2026-09-30T08:20:00+0530,DEL-BLR,SpiceJet,SG 300,2026-10-07,7,6730,1190,7920,2026-09-30,T+7,historical
2026-09-30T08:20:00+0530,DEL-BLR,Air India Express,IX 308,2026-10-07,7,7170,1260,8430,2026-09-30,T+7,historical
2026-09-30T08:20:00+0530,DEL-BLR,IndiGo,6E 325,2026-10-07,7,7270,1280,8550,2026-09-30,T+7,historical
2026-09-30T08:20:00+0530,DEL-BLR,SpiceJet,SG 300,2026-10-15,15,6070,1070,7140,2026-09-30,T+15,historical
2026-09-30T08:20:00+0530,DEL-BLR,IndiGo,6E 325,2026-10-15,15,6400,1130,7530,2026-09-30,T+15,historical
2026-09-30T08:20:00+0530,DEL-BLR,Akasa Air,QP 397,2026-10-15,15,6520,1150,7670,2026-09-30,T+15,historical
2026-09-30T08:20:00+0530,DEL-BOM,SpiceJet,SG 408,2026-10-01,1,7480,1320,8800,2026-09-30,T+1,historical
2026-09-30T08:20:00+0530,DEL-BOM,IndiGo,6E 467,2026-10-01,1,7500,1320,8820,2026-09-30,T+1,historical
2026-09-30T08:20:00+0530,DEL-BOM,Air India Express,IX 697,2026-10-01,1,7730,1360,9090,2026-09-30,T+1,historical
2026-09-30T08:20:00+0530,DEL-BOM,SpiceJet,SG 408,2026-10-07,7,6150,1080,7230,2026-09-30,T+7,historical
2026-09-30T08:20:00+0530,DEL-BOM,Air India Express,IX 697,2026-10-07,7,6160,1090,7250,2026-09-30,T+7,historical
2026-09-30T08:20:00+0530,DEL-BOM,Akasa Air,QP 352,2026-10-07,7,6320,1110,7430,2026-09-30,T+7,historical
2026-09-30T08:20:00+0530,DEL-BOM,SpiceJet,SG 408,2026-10-15,15,4470,790,5260,2026-09-30,T+15,historical
2026-09-30T08:20:00+0530,DEL-BOM,Air India Express,IX 697,2026-10-15,15,4590,810,5400,2026-09-30,T+15,historical
2026-09-30T08:20:00+0530,DEL-BOM,IndiGo,6E 467,2026-10-15,15,4640,820,5460,2026-09-30,T+15,historical
2026-09-30T08:20:00+0530,DEL-CCU,SpiceJet,SG 694,2026-10-01,1,9320,1650,10970,2026-09-30,T+1,historical
2026-09-30T08:20:00+0530,DEL-CCU,Air India Express,IX 817,2026-10-01,1,9630,1700,11330,2026-09-30,T+1,historical
2026-09-30T08:20:00+0530,DEL-CCU,IndiGo,6E 252,2026-10-01,1,9860,1740,11600,2026-09-30,T+1,historical
2026-09-30T08:20:00+0530,DEL-CCU,SpiceJet,SG 694,2026-10-07,7,6430,1130,7560,2026-09-30,T+7,historical
2026-09-30T08:20:00+0530,DEL-CCU,Air India Express,IX 817,2026-10-07,7,6600,1160,7760,2026-09-30,T+7,historical
2026-09-30T08:20:00+0530,DEL-CCU,IndiGo,6E 252,2026-10-07,7,6720,1180,7900,2026-09-30,T+7,historical
2026-09-30T08:20:00+0530,DEL-CCU,SpiceJet,SG 694,2026-10-15,15,4840,860,5700,2026-09-30,T+15,historical
2026-09-30T08:20:00+0530,DEL-CCU,Air India Express,IX 817,2026-10-15,15,4880,860,5740,2026-09-30,T+15,historical
2026-09-30T08:20:00+0530,DEL-CCU,IndiGo,6E 252,2026-10-15,15,4900,860,5760,2026-09-30,T+15,historical
2026-10-01T08:20:00+0530,BLR-HYD,SpiceJet,SG 111,2026-10-02,1,6270,1110,7380,2026-10-01,T+1,historical
2026-10-01T08:20:00+0530,BLR-HYD,IndiGo,6E 345,2026-10-02,1,6710,1180,7890,2026-10-01,T+1,historical
2026-10-01T08:20:00+0530,BLR-HYD,Akasa Air,QP 846,2026-10-02,1,6950,1230,8180,2026-10-01,T+1,historical
2026-10-01T08:20:00+0530,BLR-HYD,Akasa Air,QP 846,2026-10-08,7,4040,710,4750,2026-10-01,T+7,historical
2026-10-01T08:20:00+0530,BLR-HYD,IndiGo,6E 345,2026-10-08,7,4090,720,4810,2026-10-01,T+7,historical
2026-10-01T08:20:00+0530,BLR-HYD,SpiceJet,SG 111,2026-10-08,7,4090,720,4810,2026-10-01,T+7,historical
2026-10-01T08:20:00+0530,BLR-HYD,SpiceJet,SG 111,2026-10-16,15,3420,600,4020,2026-10-01,T+15,historical
2026-10-01T08:20:00+0530,BLR-HYD,Akasa Air,QP 846,2026-10-16,15,3860,680,4540,2026-10-01,T+15,historical
2026-10-01T08:20:00+0530,BLR-HYD,IndiGo,6E 345,2026-10-16,15,3930,690,4620,2026-10-01,T+15,historical
2026-10-01T08:20:00+0530,BOM-BLR,SpiceJet,SG 748,2026-10-02,1,7450,1320,8770,2026-10-01,T+1,historical
2026-10-01T08:20:00+0530,BOM-BLR,Air India Express,IX 919,2026-10-02,1,7740,1370,9110,2026-10-01,T+1,historical
2026-10-01T08:20:00+0530,BOM-BLR,IndiGo,6E 709,2026-10-02,1,7790,1380,9170,2026-10-01,T+1,historical
2026-10-01T08:20:00+0530,BOM-BLR,Akasa Air,QP 501,2026-10-08,7,5220,920,6140,2026-10-01,T+7,historical
2026-10-01T08:20:00+0530,BOM-BLR,Air India Express,IX 919,2026-10-08,7,5240,920,6160,2026-10-01,T+7,historical
2026-10-01T08:20:00+0530,BOM-BLR,SpiceJet,SG 748,2026-10-08,7,5250,930,6180,2026-10-01,T+7,historical
2026-10-01T08:20:00+0530,BOM-BLR,SpiceJet,SG 748,2026-10-16,15,4660,820,5480,2026-10-01,T+15,historical
2026-10-01T08:20:00+0530,BOM-BLR,Air India Express,IX 919,2026-10-16,15,4680,820,5500,2026-10-01,T+15,historical
2026-10-01T08:20:00+0530,BOM-BLR,IndiGo,6E 709,2026-10-16,15,4920,870,5790,2026-10-01,T+15,historical
2026-10-01T08:20:00+0530,DEL-BLR,Air India Express,IX 166,2026-10-02,1,10080,1780,11860,2026-10-01,T+1,historical
2026-10-01T08:20:00+0530,DEL-BLR,Akasa Air,QP 364,2026-10-02,1,10880,1920,12800,2026-10-01,T+1,historical
2026-10-01T08:20:00+0530,DEL-BLR,SpiceJet,SG 833,2026-10-02,1,10930,1930,12860,2026-10-01,T+1,historical
2026-10-01T08:20:00+0530,DEL-BLR,SpiceJet,SG 833,2026-10-08,7,7240,1280,8520,2026-10-01,T+7,historical
2026-10-01T08:20:00+0530,DEL-BLR,IndiGo,6E 234,2026-10-08,7,7680,1360,9040,2026-10-01,T+7,historical
2026-10-01T08:20:00+0530,DEL-BLR,Air India Express,IX 166,2026-10-08,7,7850,1380,9230,2026-10-01,T+7,historical
2026-10-01T08:20:00+0530,DEL-BLR,IndiGo,6E 234,2026-10-16,15,6600,1170,7770,2026-10-01,T+15,historical
2026-10-01T08:20:00+0530,DEL-BLR,Air India Express,IX 166,2026-10-16,15,6720,1190,7910,2026-10-01,T+15,historical
2026-10-01T08:20:00+0530,DEL-BLR,SpiceJet,SG 833,2026-10-16,15,6780,1200,7980,2026-10-01,T+15,historical
2026-10-01T08:20:00+0530,DEL-BOM,Air India Express,IX 948,2026-10-02,1,7660,1350,9010,2026-10-01,T+1,historical
2026-10-01T08:20:00+0530,DEL-BOM,SpiceJet,SG 344,2026-10-02,1,7670,1350,9020,2026-10-01,T+1,historical
2026-10-01T08:20:00+0530,DEL-BOM,IndiGo,6E 568,2026-10-02,1,8010,1410,9420,2026-10-01,T+1,historical
2026-10-01T08:20:00+0530,DEL-BOM,Air India Express,IX 948,2026-10-08,7,5150,910,6060,2026-10-01,T+7,historical
2026-10-01T08:20:00+0530,DEL-BOM,SpiceJet,SG 344,2026-10-08,7,5580,980,6560,2026-10-01,T+7,historical
2026-10-01T08:20:00+0530,DEL-BOM,IndiGo,6E 568,2026-10-08,7,5860,1030,6890,2026-10-01,T+7,historical
2026-10-01T08:20:00+0530,DEL-BOM,Air India Express,IX 948,2026-10-16,15,4860,860,5720,2026-10-01,T+15,historical
2026-10-01T08:20:00+0530,DEL-BOM,IndiGo,6E 568,2026-10-16,15,5000,880,5880,2026-10-01,T+15,historical
2026-10-01T08:20:00+0530,DEL-BOM,SpiceJet,SG 344,2026-10-16,15,5070,900,5970,2026-10-01,T+15,historical
2026-10-01T08:20:00+0530,DEL-CCU,SpiceJet,SG 441,2026-10-02,1,8250,1460,9710,2026-10-01,T+1,historical
2026-10-01T08:20:00+0530,DEL-CCU,Air India Express,IX 164,2026-10-02,1,8360,1480,9840,2026-10-01,T+1,historical
2026-10-01T08:20:00+0530,DEL-CCU,IndiGo,6E 810,2026-10-02,1,9030,1590,10620,2026-10-01,T+1,historical
2026-10-01T08:20:00+0530,DEL-CCU,SpiceJet,SG 441,2026-10-08,7,6680,1180,7860,2026-10-01,T+7,historical
2026-10-01T08:20:00+0530,DEL-CCU,IndiGo,6E 810,2026-10-08,7,7270,1280,8550,2026-10-01,T+7,historical
2026-10-01T08:20:00+0530,DEL-CCU,Air India Express,IX 164,2026-10-08,7,7290,1290,8580,2026-10-01,T+7,historical
2026-10-01T08:20:00+0530,DEL-CCU,SpiceJet,SG 441,2026-10-16,15,5970,1050,7020,2026-10-01,T+15,historical
2026-10-01T08:20:00+0530,DEL-CCU,Akasa Air,QP 669,2026-10-16,15,5990,1060,7050,2026-10-01,T+15,historical
2026-10-01T08:20:00+0530,DEL-CCU,Air India Express,IX 164,2026-10-16,15,6280,1110,7390,2026-10-01,T+15,historical
2026-10-02T08:20:00+0530,BLR-HYD,SpiceJet,SG 932,2026-10-03,1,6200,1100,7300,2026-10-02,T+1,historical
2026-10-02T08:20:00+0530,BLR-HYD,IndiGo,6E 680,2026-10-03,1,6570,1160,7730,2026-10-02,T+1,historical
2026-10-02T08:20:00+0530,BLR-HYD,Akasa Air,QP 499,2026-10-03,1,6690,1180,7870,2026-10-02,T+1,historical
2026-10-02T08:20:00+0530,BLR-HYD,SpiceJet,SG 932,2026-10-09,7,5090,900,5990,2026-10-02,T+7,historical
2026-10-02T08:20:00+0530,BLR-HYD,IndiGo,6E 680,2026-10-09,7,5300,930,6230,2026-10-02,T+7,historical
2026-10-02T08:20:00+0530,BLR-HYD,Akasa Air,QP 499,2026-10-09,7,5490,970,6460,2026-10-02,T+7,historical
2026-10-02T08:20:00+0530,BLR-HYD,SpiceJet,SG 932,2026-10-17,15,4590,810,5400,2026-10-02,T+15,historical
2026-10-02T08:20:00+0530,BLR-HYD,IndiGo,6E 680,2026-10-17,15,4600,810,5410,2026-10-02,T+15,historical
2026-10-02T08:20:00+0530,BLR-HYD,Akasa Air,QP 499,2026-10-17,15,4950,870,5820,2026-10-02,T+15,historical
2026-10-02T08:20:00+0530,BOM-BLR,Air India Express,IX 197,2026-10-03,1,9580,1690,11270,2026-10-02,T+1,historical
2026-10-02T08:20:00+0530,BOM-BLR,SpiceJet,SG 981,2026-10-03,1,9860,1740,11600,2026-10-02,T+1,historical
2026-10-02T08:20:00+0530,BOM-BLR,IndiGo,6E 389,2026-10-03,1,10310,1820,12130,2026-10-02,T+1,historical
2026-10-02T08:20:00+0530,BOM-BLR,Air India Express,IX 197,2026-10-09,7,6290,1110,7400,2026-10-02,T+7,historical
2026-10-02T08:20:00+0530,BOM-BLR,SpiceJet,SG 981,2026-10-09,7,6590,1160,7750,2026-10-02,T+7,historical
2026-10-02T08:20:00+0530,BOM-BLR,IndiGo,6E 389,2026-10-09,7,6790,1200,7990,2026-10-02,T+7,historical
2026-10-02T08:20:00+0530,BOM-BLR,SpiceJet,SG 981,2026-10-17,15,4730,840,5570,2026-10-02,T+15,historical
2026-10-02T08:20:00+0530,BOM-BLR,Air India Express,IX 197,2026-10-17,15,5110,900,6010,2026-10-02,T+15,historical
2026-10-02T08:20:00+0530,BOM-BLR,Akasa Air,QP 962,2026-10-17,15,5250,930,6180,2026-10-02,T+15,historical
2026-10-02T08:20:00+0530,DEL-BLR,SpiceJet,SG 716,2026-10-03,1,10860,1920,12780,2026-10-02,T+1,historical
2026-10-02T08:20:00+0530,DEL-BLR,IndiGo,6E 303,2026-10-03,1,12070,2130,14200,2026-10-02,T+1,historical
2026-10-02T08:20:00+0530,DEL-BLR,Air India Express,IX 630,2026-10-03,1,12380,2190,14570,2026-10-02,T+1,historical
2026-10-02T08:20:00+0530,DEL-BLR,Air India Express,IX 630,2026-10-09,7,9100,1600,10700,2026-10-02,T+7,historical
2026-10-02T08:20:00+0530,DEL-BLR,SpiceJet,SG 716,2026-10-09,7,9330,1650,10980,2026-10-02,T+7,historical
2026-10-02T08:20:00+0530,DEL-BLR,IndiGo,6E 303,2026-10-09,7,10220,1800,12020,2026-10-02,T+7,historical
2026-10-02T08:20:00+0530,DEL-BLR,SpiceJet,SG 716,2026-10-17,15,6730,1190,7920,2026-10-02,T+15,historical
2026-10-02T08:20:00+0530,DEL-BLR,Air India Express,IX 630,2026-10-17,15,6860,1210,8070,2026-10-02,T+15,historical
2026-10-02T08:20:00+0530,DEL-BLR,IndiGo,6E 303,2026-10-17,15,7020,1240,8260,2026-10-02,T+15,historical
2026-10-02T08:20:00+0530,DEL-BOM,Air India Express,IX 799,2026-10-03,1,9920,1750,11670,2026-10-02,T+1,historical
2026-10-02T08:20:00+0530,DEL-BOM,SpiceJet,SG 876,2026-10-03,1,10030,1770,11800,2026-10-02,T+1,historical
2026-10-02T08:20:00+0530,DEL-BOM,IndiGo,6E 168,2026-10-03,1,10440,1840,12280,2026-10-02,T+1,historical
2026-10-02T08:20:00+0530,DEL-BOM,SpiceJet,SG 876,2026-10-09,7,6450,1140,7590,2026-10-02,T+7,historical
2026-10-02T08:20:00+0530,DEL-BOM,Air India Express,IX 799,2026-10-09,7,6480,1140,7620,2026-10-02,T+7,historical
2026-10-02T08:20:00+0530,DEL-BOM,IndiGo,6E 168,2026-10-09,7,7220,1270,8490,2026-10-02,T+7,historical
2026-10-02T08:20:00+0530,DEL-BOM,Air India Express,IX 799,2026-10-17,15,6170,1090,7260,2026-10-02,T+15,historical
2026-10-02T08:20:00+0530,DEL-BOM,IndiGo,6E 168,2026-10-17,15,6260,1100,7360,2026-10-02,T+15,historical
2026-10-02T08:20:00+0530,DEL-BOM,SpiceJet,SG 876,2026-10-17,15,6370,1120,7490,2026-10-02,T+15,historical
2026-10-02T08:20:00+0530,DEL-CCU,SpiceJet,SG 395,2026-10-03,1,10960,1940,12900,2026-10-02,T+1,historical
2026-10-02T08:20:00+0530,DEL-CCU,Akasa Air,QP 644,2026-10-03,1,12050,2130,14180,2026-10-02,T+1,historical
2026-10-02T08:20:00+0530,DEL-CCU,Air India Express,IX 343,2026-10-03,1,12260,2160,14420,2026-10-02,T+1,historical
2026-10-02T08:20:00+0530,DEL-CCU,IndiGo,6E 804,2026-10-09,7,6990,1230,8220,2026-10-02,T+7,historical
2026-10-02T08:20:00+0530,DEL-CCU,Air India Express,IX 343,2026-10-09,7,7230,1280,8510,2026-10-02,T+7,historical
2026-10-02T08:20:00+0530,DEL-CCU,SpiceJet,SG 395,2026-10-09,7,7370,1300,8670,2026-10-02,T+7,historical
2026-10-02T08:20:00+0530,DEL-CCU,SpiceJet,SG 395,2026-10-17,15,6430,1130,7560,2026-10-02,T+15,historical
2026-10-02T08:20:00+0530,DEL-CCU,Air India Express,IX 343,2026-10-17,15,6850,1210,8060,2026-10-02,T+15,historical
2026-10-02T08:20:00+0530,DEL-CCU,Akasa Air,QP 644,2026-10-17,15,7070,1250,8320,2026-10-02,T+15,historical
2026-10-03T08:20:00+0530,BLR-HYD,SpiceJet,SG 972,2026-10-04,1,5960,1050,7010,2026-10-03,T+1,historical
2026-10-03T08:20:00+0530,BLR-HYD,IndiGo,6E 491,2026-10-04,1,6200,1090,7290,2026-10-03,T+1,historical
2026-10-03T08:20:00+0530,BLR-HYD,Akasa Air,QP 732,2026-10-04,1,6810,1200,8010,2026-10-03,T+1,historical
2026-10-03T08:20:00+0530,BLR-HYD,SpiceJet,SG 972,2026-10-10,7,5190,920,6110,2026-10-03,T+7,historical
2026-10-03T08:20:00+0530,BLR-HYD,Akasa Air,QP 732,2026-10-10,7,5220,920,6140,2026-10-03,T+7,historical
2026-10-03T08:20:00+0530,BLR-HYD,IndiGo,6E 491,2026-10-10,7,5420,960,6380,2026-10-03,T+7,historical
2026-10-03T08:20:00+0530,BLR-HYD,SpiceJet,SG 972,2026-10-18,15,4040,710,4750,2026-10-03,T+15,historical
2026-10-03T08:20:00+0530,BLR-HYD,IndiGo,6E 491,2026-10-18,15,4050,710,4760,2026-10-03,T+15,historical
2026-10-03T08:20:00+0530,BLR-HYD,Akasa Air,QP 732,2026-10-18,15,4080,720,4800,2026-10-03,T+15,historical
2026-10-03T08:20:00+0530,BOM-BLR,SpiceJet,SG 491,2026-10-04,1,7280,1280,8560,2026-10-03,T+1,historical
2026-10-03T08:20:00+0530,BOM-BLR,IndiGo,6E 284,2026-10-04,1,7550,1330,8880,2026-10-03,T+1,historical
2026-10-03T08:20:00+0530,BOM-BLR,Akasa Air,QP 531,2026-10-04,1,7830,1380,9210,2026-10-03,T+1,historical
2026-10-03T08:20:00+0530,BOM-BLR,IndiGo,6E 284,2026-10-10,7,5280,930,6210,2026-10-03,T+7,historical
2026-10-03T08:20:00+0530,BOM-BLR,Air India Express,IX 690,2026-10-10,7,5350,940,6290,2026-10-03,T+7,historical
2026-10-03T08:20:00+0530,BOM-BLR,SpiceJet,SG 491,2026-10-10,7,5390,950,6340,2026-10-03,T+7,historical
2026-10-03T08:20:00+0530,BOM-BLR,Air India Express,IX 690,2026-10-18,15,4890,860,5750,2026-10-03,T+15,historical
2026-10-03T08:20:00+0530,BOM-BLR,SpiceJet,SG 491,2026-10-18,15,5320,940,6260,2026-10-03,T+15,historical
2026-10-03T08:20:00+0530,BOM-BLR,IndiGo,6E 284,2026-10-18,15,5400,950,6350,2026-10-03,T+15,historical
2026-10-03T08:20:00+0530,DEL-BLR,SpiceJet,SG 608,2026-10-04,1,11990,2120,14110,2026-10-03,T+1,historical
2026-10-03T08:20:00+0530,DEL-BLR,Air India Express,IX 432,2026-10-04,1,12020,2120,14140,2026-10-03,T+1,historical
2026-10-03T08:20:00+0530,DEL-BLR,IndiGo,6E 830,2026-10-04,1,12430,2190,14620,2026-10-03,T+1,historical
2026-10-03T08:20:00+0530,DEL-BLR,IndiGo,6E 830,2026-10-10,7,7960,1410,9370,2026-10-03,T+7,historical
2026-10-03T08:20:00+0530,DEL-BLR,SpiceJet,SG 608,2026-10-10,7,7990,1410,9400,2026-10-03,T+7,historical
2026-10-03T08:20:00+0530,DEL-BLR,Air India Express,IX 432,2026-10-10,7,8130,1430,9560,2026-10-03,T+7,historical
2026-10-03T08:20:00+0530,DEL-BLR,SpiceJet,SG 608,2026-10-18,15,5930,1050,6980,2026-10-03,T+15,historical
2026-10-03T08:20:00+0530,DEL-BLR,Air India Express,IX 432,2026-10-18,15,6260,1100,7360,2026-10-03,T+15,historical
2026-10-03T08:20:00+0530,DEL-BLR,IndiGo,6E 830,2026-10-18,15,6570,1160,7730,2026-10-03,T+15,historical
2026-10-03T08:20:00+0530,DEL-BOM,IndiGo,6E 691,2026-10-04,1,8730,1540,10270,2026-10-03,T+1,historical
2026-10-03T08:20:00+0530,DEL-BOM,SpiceJet,SG 599,2026-10-04,1,8780,1550,10330,2026-10-03,T+1,historical
2026-10-03T08:20:00+0530,DEL-BOM,Akasa Air,QP 982,2026-10-04,1,9320,1640,10960,2026-10-03,T+1,historical
2026-10-03T08:20:00+0530,DEL-BOM,SpiceJet,SG 599,2026-10-10,7,7040,1240,8280,2026-10-03,T+7,historical
2026-10-03T08:20:00+0530,DEL-BOM,Air India Express,IX 475,2026-10-10,7,7110,1250,8360,2026-10-03,T+7,historical
2026-10-03T08:20:00+0530,DEL-BOM,IndiGo,6E 691,2026-10-10,7,7420,1310,8730,2026-10-03,T+7,historical
2026-10-03T08:20:00+0530,DEL-BOM,Air India Express,IX 475,2026-10-18,15,5560,980,6540,2026-10-03,T+15,historical
2026-10-03T08:20:00+0530,DEL-BOM,SpiceJet,SG 599,2026-10-18,15,5620,990,6610,2026-10-03,T+15,historical
2026-10-03T08:20:00+0530,DEL-BOM,IndiGo,6E 691,2026-10-18,15,5640,1000,6640,2026-10-03,T+15,historical
2026-10-03T08:20:00+0530,DEL-CCU,IndiGo,6E 875,2026-10-04,1,9340,1650,10990,2026-10-03,T+1,historical
2026-10-03T08:20:00+0530,DEL-CCU,SpiceJet,SG 224,2026-10-04,1,9400,1660,11060,2026-10-03,T+1,historical
2026-10-03T08:20:00+0530,DEL-CCU,Air India Express,IX 899,2026-10-04,1,9550,1680,11230,2026-10-03,T+1,historical
2026-10-03T08:20:00+0530,DEL-CCU,SpiceJet,SG 224,2026-10-10,7,6730,1190,7920,2026-10-03,T+7,historical
2026-10-03T08:20:00+0530,DEL-CCU,IndiGo,6E 875,2026-10-10,7,6850,1210,8060,2026-10-03,T+7,historical
2026-10-03T08:20:00+0530,DEL-CCU,Air India Express,IX 899,2026-10-10,7,7340,1300,8640,2026-10-03,T+7,historical
2026-10-03T08:20:00+0530,DEL-CCU,Air India Express,IX 899,2026-10-18,15,5800,1020,6820,2026-10-03,T+15,historical
2026-10-03T08:20:00+0530,DEL-CCU,SpiceJet,SG 224,2026-10-18,15,5860,1030,6890,2026-10-03,T+15,historical
2026-10-03T08:20:00+0530,DEL-CCU,Akasa Air,QP 963,2026-10-18,15,5980,1060,7040,2026-10-03,T+15,historical
2026-10-04T08:20:00+0530,BLR-HYD,SpiceJet,SG 515,2026-10-05,1,6170,1090,7260,2026-10-04,T+1,historical
2026-10-04T08:20:00+0530,BLR-HYD,IndiGo,6E 339,2026-10-05,1,6250,1100,7350,2026-10-04,T+1,historical
2026-10-04T08:20:00+0530,BLR-HYD,Akasa Air,QP 335,2026-10-05,1,6570,1160,7730,2026-10-04,T+1,historical
2026-10-04T08:20:00+0530,BLR-HYD,SpiceJet,SG 515,2026-10-11,7,4790,840,5630,2026-10-04,T+7,historical
2026-10-04T08:20:00+0530,BLR-HYD,Akasa Air,QP 335,2026-10-11,7,4880,860,5740,2026-10-04,T+7,historical
2026-10-04T08:20:00+0530,BLR-HYD,IndiGo,6E 339,2026-10-11,7,5060,890,5950,2026-10-04,T+7,historical
2026-10-04T08:20:00+0530,BLR-HYD,SpiceJet,SG 515,2026-10-19,15,3820,680,4500,2026-10-04,T+15,historical
2026-10-04T08:20:00+0530,BLR-HYD,IndiGo,6E 339,2026-10-19,15,4040,710,4750,2026-10-04,T+15,historical
2026-10-04T08:20:00+0530,BLR-HYD,Akasa Air,QP 335,2026-10-19,15,4110,720,4830,2026-10-04,T+15,historical
2026-10-04T08:20:00+0530,BOM-BLR,Air India Express,IX 375,2026-10-05,1,8170,1440,9610,2026-10-04,T+1,historical
2026-10-04T08:20:00+0530,BOM-BLR,SpiceJet,SG 813,2026-10-05,1,8240,1460,9700,2026-10-04,T+1,historical
2026-10-04T08:20:00+0530,BOM-BLR,IndiGo,6E 641,2026-10-05,1,8600,1520,10120,2026-10-04,T+1,historical
2026-10-04T08:20:00+0530,BOM-BLR,SpiceJet,SG 813,2026-10-11,7,5080,900,5980,2026-10-04,T+7,historical
2026-10-04T08:20:00+0530,BOM-BLR,Air India Express,IX 375,2026-10-11,7,5320,940,6260,2026-10-04,T+7,historical
2026-10-04T08:20:00+0530,BOM-BLR,IndiGo,6E 641,2026-10-11,7,5600,990,6590,2026-10-04,T+7,historical
2026-10-04T08:20:00+0530,BOM-BLR,SpiceJet,SG 813,2026-10-19,15,4320,760,5080,2026-10-04,T+15,historical
2026-10-04T08:20:00+0530,BOM-BLR,IndiGo,6E 641,2026-10-19,15,4800,850,5650,2026-10-04,T+15,historical
2026-10-04T08:20:00+0530,BOM-BLR,Akasa Air,QP 351,2026-10-19,15,4880,860,5740,2026-10-04,T+15,historical
2026-10-04T08:20:00+0530,DEL-BLR,SpiceJet,SG 290,2026-10-05,1,10640,1880,12520,2026-10-04,T+1,historical
2026-10-04T08:20:00+0530,DEL-BLR,Akasa Air,QP 201,2026-10-05,1,11540,2040,13580,2026-10-04,T+1,historical
2026-10-04T08:20:00+0530,DEL-BLR,Air India Express,IX 402,2026-10-05,1,12010,2120,14130,2026-10-04,T+1,historical
2026-10-04T08:20:00+0530,DEL-BLR,Air India Express,IX 402,2026-10-11,7,8190,1450,9640,2026-10-04,T+7,historical
2026-10-04T08:20:00+0530,DEL-BLR,SpiceJet,SG 290,2026-10-11,7,8510,1500,10010,2026-10-04,T+7,historical
2026-10-04T08:20:00+0530,DEL-BLR,IndiGo,6E 292,2026-10-11,7,9130,1610,10740,2026-10-04,T+7,historical
2026-10-04T08:20:00+0530,DEL-BLR,SpiceJet,SG 290,2026-10-19,15,6660,1170,7830,2026-10-04,T+15,historical
2026-10-04T08:20:00+0530,DEL-BLR,Air India Express,IX 402,2026-10-19,15,6710,1180,7890,2026-10-04,T+15,historical
2026-10-04T08:20:00+0530,DEL-BLR,IndiGo,6E 292,2026-10-19,15,7030,1240,8270,2026-10-04,T+15,historical
2026-10-04T08:20:00+0530,DEL-BOM,Air India Express,IX 186,2026-10-05,1,8050,1420,9470,2026-10-04,T+1,historical
2026-10-04T08:20:00+0530,DEL-BOM,SpiceJet,SG 324,2026-10-05,1,8700,1540,10240,2026-10-04,T+1,historical
2026-10-04T08:20:00+0530,DEL-BOM,Akasa Air,QP 807,2026-10-05,1,9000,1590,10590,2026-10-04,T+1,historical
2026-10-04T08:20:00+0530,DEL-BOM,Air India Express,IX 186,2026-10-11,7,5860,1040,6900,2026-10-04,T+7,historical
2026-10-04T08:20:00+0530,DEL-BOM,SpiceJet,SG 324,2026-10-11,7,5880,1040,6920,2026-10-04,T+7,historical
2026-10-04T08:20:00+0530,DEL-BOM,Akasa Air,QP 807,2026-10-11,7,6470,1140,7610,2026-10-04,T+7,historical
2026-10-04T08:20:00+0530,DEL-BOM,SpiceJet,SG 324,2026-10-19,15,5590,990,6580,2026-10-04,T+15,historical
2026-10-04T08:20:00+0530,DEL-BOM,IndiGo,6E 174,2026-10-19,15,5740,1010,6750,2026-10-04,T+15,historical
2026-10-04T08:20:00+0530,DEL-BOM,Air India Express,IX 186,2026-10-19,15,5770,1020,6790,2026-10-04,T+15,historical
2026-10-04T08:20:00+0530,DEL-CCU,Air India Express,IX 795,2026-10-05,1,9730,1720,11450,2026-10-04,T+1,historical
2026-10-04T08:20:00+0530,DEL-CCU,SpiceJet,SG 308,2026-10-05,1,9850,1740,11590,2026-10-04,T+1,historical
2026-10-04T08:20:00+0530,DEL-CCU,Akasa Air,QP 825,2026-10-05,1,9970,1760,11730,2026-10-04,T+1,historical
2026-10-04T08:20:00+0530,DEL-CCU,IndiGo,6E 790,2026-10-11,7,6450,1140,7590,2026-10-04,T+7,historical
2026-10-04T08:20:00+0530,DEL-CCU,SpiceJet,SG 308,2026-10-11,7,6520,1150,7670,2026-10-04,T+7,historical
2026-10-04T08:20:00+0530,DEL-CCU,Air India Express,IX 795,2026-10-11,7,6620,1170,7790,2026-10-04,T+7,historical
2026-10-04T08:20:00+0530,DEL-CCU,SpiceJet,SG 308,2026-10-19,15,6540,1160,7700,2026-10-04,T+15,historical
2026-10-04T08:20:00+0530,DEL-CCU,Air India Express,IX 795,2026-10-19,15,6570,1160,7730,2026-10-04,T+15,historical
2026-10-04T08:20:00+0530,DEL-CCU,Akasa Air,QP 825,2026-10-19,15,6720,1180,7900,2026-10-04,T+15,historical
2026-10-05T08:20:00+0530,BLR-HYD,SpiceJet,SG 256,2026-10-06,1,6540,1150,7690,2026-10-05,T+1,historical
2026-10-05T08:20:00+0530,BLR-HYD,Akasa Air,QP 751,2026-10-06,1,6800,1200,8000,2026-10-05,T+1,historical
2026-10-05T08:20:00+0530,BLR-HYD,IndiGo,6E 723,2026-10-06,1,7170,1270,8440,2026-10-05,T+1,historical
2026-10-05T08:20:00+0530,BLR-HYD,SpiceJet,SG 256,2026-10-12,7,4580,810,5390,2026-10-05,T+7,historical
2026-10-05T08:20:00+0530,BLR-HYD,IndiGo,6E 723,2026-10-12,7,4700,830,5530,2026-10-05,T+7,historical
2026-10-05T08:20:00+0530,BLR-HYD,Akasa Air,QP 751,2026-10-12,7,4800,850,5650,2026-10-05,T+7,historical
2026-10-05T08:20:00+0530,BLR-HYD,SpiceJet,SG 256,2026-10-20,15,3580,630,4210,2026-10-05,T+15,historical
2026-10-05T08:20:00+0530,BLR-HYD,IndiGo,6E 723,2026-10-20,15,3760,660,4420,2026-10-05,T+15,historical
2026-10-05T08:20:00+0530,BLR-HYD,Akasa Air,QP 751,2026-10-20,15,3890,690,4580,2026-10-05,T+15,historical
2026-10-05T08:20:00+0530,BOM-BLR,SpiceJet,SG 936,2026-10-06,1,6700,1180,7880,2026-10-05,T+1,historical
2026-10-05T08:20:00+0530,BOM-BLR,Air India Express,IX 350,2026-10-06,1,6830,1210,8040,2026-10-05,T+1,historical
2026-10-05T08:20:00+0530,BOM-BLR,Akasa Air,QP 447,2026-10-06,1,7220,1270,8490,2026-10-05,T+1,historical
2026-10-05T08:20:00+0530,BOM-BLR,Air India Express,IX 350,2026-10-12,7,5570,980,6550,2026-10-05,T+7,historical
2026-10-05T08:20:00+0530,BOM-BLR,IndiGo,6E 237,2026-10-12,7,5590,990,6580,2026-10-05,T+7,historical
2026-10-05T08:20:00+0530,BOM-BLR,SpiceJet,SG 936,2026-10-12,7,5750,1020,6770,2026-10-05,T+7,historical
2026-10-05T08:20:00+0530,BOM-BLR,SpiceJet,SG 936,2026-10-20,15,4390,780,5170,2026-10-05,T+15,historical
2026-10-05T08:20:00+0530,BOM-BLR,Air India Express,IX 350,2026-10-20,15,4560,810,5370,2026-10-05,T+15,historical
2026-10-05T08:20:00+0530,BOM-BLR,IndiGo,6E 237,2026-10-20,15,4610,810,5420,2026-10-05,T+15,historical
2026-10-05T08:20:00+0530,DEL-BLR,Air India Express,IX 256,2026-10-06,1,10130,1790,11920,2026-10-05,T+1,historical
2026-10-05T08:20:00+0530,DEL-BLR,SpiceJet,SG 889,2026-10-06,1,10210,1800,12010,2026-10-05,T+1,historical
2026-10-05T08:20:00+0530,DEL-BLR,IndiGo,6E 907,2026-10-06,1,10760,1900,12660,2026-10-05,T+1,historical
2026-10-05T08:20:00+0530,DEL-BLR,SpiceJet,SG 889,2026-10-12,7,7220,1270,8490,2026-10-05,T+7,historical
2026-10-05T08:20:00+0530,DEL-BLR,Air India Express,IX 256,2026-10-12,7,7450,1310,8760,2026-10-05,T+7,historical
2026-10-05T08:20:00+0530,DEL-BLR,IndiGo,6E 907,2026-10-12,7,7720,1360,9080,2026-10-05,T+7,historical
2026-10-05T08:20:00+0530,DEL-BLR,Air India Express,IX 256,2026-10-20,15,6550,1160,7710,2026-10-05,T+15,historical
2026-10-05T08:20:00+0530,DEL-BLR,SpiceJet,SG 889,2026-10-20,15,6620,1170,7790,2026-10-05,T+15,historical
2026-10-05T08:20:00+0530,DEL-BLR,IndiGo,6E 907,2026-10-20,15,7170,1270,8440,2026-10-05,T+15,historical
2026-10-05T08:20:00+0530,DEL-BOM,SpiceJet,SG 877,2026-10-06,1,8300,1470,9770,2026-10-05,T+1,historical
2026-10-05T08:20:00+0530,DEL-BOM,IndiGo,6E 348,2026-10-06,1,8720,1540,10260,2026-10-05,T+1,historical
2026-10-05T08:20:00+0530,DEL-BOM,Air India Express,IX 908,2026-10-06,1,9150,1610,10760,2026-10-05,T+1,historical
2026-10-05T08:20:00+0530,DEL-BOM,SpiceJet,SG 877,2026-10-12,7,5670,1000,6670,2026-10-05,T+7,historical
2026-10-05T08:20:00+0530,DEL-BOM,Air India Express,IX 908,2026-10-12,7,5860,1040,6900,2026-10-05,T+7,historical
2026-10-05T08:20:00+0530,DEL-BOM,IndiGo,6E 348,2026-10-12,7,6020,1060,7080,2026-10-05,T+7,historical
2026-10-05T08:20:00+0530,DEL-BOM,Air India Express,IX 908,2026-10-20,15,5130,910,6040,2026-10-05,T+15,historical
2026-10-05T08:20:00+0530,DEL-BOM,SpiceJet,SG 877,2026-10-20,15,5220,920,6140,2026-10-05,T+15,historical
2026-10-05T08:20:00+0530,DEL-BOM,IndiGo,6E 348,2026-10-20,15,5250,930,6180,2026-10-05,T+15,historical
2026-10-05T08:20:00+0530,DEL-CCU,SpiceJet,SG 920,2026-10-06,1,9510,1680,11190,2026-10-05,T+1,historical
2026-10-05T08:20:00+0530,DEL-CCU,Air India Express,IX 190,2026-10-06,1,10070,1780,11850,2026-10-05,T+1,historical
2026-10-05T08:20:00+0530,DEL-CCU,Akasa Air,QP 576,2026-10-06,1,10270,1810,12080,2026-10-05,T+1,historical
2026-10-05T08:20:00+0530,DEL-CCU,Air India Express,IX 190,2026-10-12,7,6260,1100,7360,2026-10-05,T+7,historical
2026-10-05T08:20:00+0530,DEL-CCU,SpiceJet,SG 920,2026-10-12,7,6360,1120,7480,2026-10-05,T+7,historical
2026-10-05T08:20:00+0530,DEL-CCU,IndiGo,6E 989,2026-10-12,7,6700,1180,7880,2026-10-05,T+7,historical
2026-10-05T08:20:00+0530,DEL-CCU,Air India Express,IX 190,2026-10-20,15,5950,1050,7000,2026-10-05,T+15,historical
2026-10-05T08:20:00+0530,DEL-CCU,SpiceJet,SG 920,2026-10-20,15,6020,1060,7080,2026-10-05,T+15,historical
2026-10-05T08:20:00+0530,DEL-CCU,IndiGo,6E 989,2026-10-20,15,6260,1110,7370,2026-10-05,T+15,historical
2026-10-06T08:20:00+0530,BLR-HYD,SpiceJet,SG 557,2026-10-07,1,5940,1050,6990,2026-10-06,T+1,historical
2026-10-06T08:20:00+0530,BLR-HYD,IndiGo,6E 935,2026-10-07,1,6580,1160,7740,2026-10-06,T+1,historical
2026-10-06T08:20:00+0530,BLR-HYD,Akasa Air,QP 609,2026-10-07,1,7000,1230,8230,2026-10-06,T+1,historical
2026-10-06T08:20:00+0530,BLR-HYD,SpiceJet,SG 557,2026-10-13,7,4020,710,4730,2026-10-06,T+7,historical
2026-10-06T08:20:00+0530,BLR-HYD,IndiGo,6E 935,2026-10-13,7,4120,730,4850,2026-10-06,T+7,historical
2026-10-06T08:20:00+0530,BLR-HYD,Akasa Air,QP 609,2026-10-13,7,4280,750,5030,2026-10-06,T+7,historical
2026-10-06T08:20:00+0530,BLR-HYD,IndiGo,6E 935,2026-10-21,15,3310,580,3890,2026-10-06,T+15,historical
2026-10-06T08:20:00+0530,BLR-HYD,SpiceJet,SG 557,2026-10-21,15,3340,590,3930,2026-10-06,T+15,historical
2026-10-06T08:20:00+0530,BLR-HYD,Air India,AI 272,2026-10-21,15,3700,650,4350,2026-10-06,T+15,historical
2026-10-06T08:20:00+0530,BOM-BLR,Air India Express,IX 686,2026-10-07,1,7530,1330,8860,2026-10-06,T+1,historical
2026-10-06T08:20:00+0530,BOM-BLR,SpiceJet,SG 244,2026-10-07,1,7850,1390,9240,2026-10-06,T+1,historical
2026-10-06T08:20:00+0530,BOM-BLR,IndiGo,6E 982,2026-10-07,1,8070,1420,9490,2026-10-06,T+1,historical
2026-10-06T08:20:00+0530,BOM-BLR,IndiGo,6E 982,2026-10-13,7,5730,1010,6740,2026-10-06,T+7,historical
2026-10-06T08:20:00+0530,BOM-BLR,SpiceJet,SG 244,2026-10-13,7,5900,1040,6940,2026-10-06,T+7,historical
2026-10-06T08:20:00+0530,BOM-BLR,Air India Express,IX 686,2026-10-13,7,5930,1050,6980,2026-10-06,T+7,historical
2026-10-06T08:20:00+0530,BOM-BLR,Air India Express,IX 686,2026-10-21,15,4700,830,5530,2026-10-06,T+15,historical
2026-10-06T08:20:00+0530,BOM-BLR,IndiGo,6E 982,2026-10-21,15,4790,840,5630,2026-10-06,T+15,historical
2026-10-06T08:20:00+0530,BOM-BLR,SpiceJet,SG 244,2026-10-21,15,4960,880,5840,2026-10-06,T+15,historical
2026-10-06T08:20:00+0530,DEL-BLR,SpiceJet,SG 489,2026-10-07,1,9510,1680,11190,2026-10-06,T+1,historical
2026-10-06T08:20:00+0530,DEL-BLR,Air India Express,IX 260,2026-10-07,1,9710,1710,11420,2026-10-06,T+1,historical
2026-10-06T08:20:00+0530,DEL-BLR,Akasa Air,QP 395,2026-10-07,1,10100,1780,11880,2026-10-06,T+1,historical
2026-10-06T08:20:00+0530,DEL-BLR,SpiceJet,SG 489,2026-10-13,7,6160,1090,7250,2026-10-06,T+7,historical
2026-10-06T08:20:00+0530,DEL-BLR,Air India Express,IX 260,2026-10-13,7,6640,1170,7810,2026-10-06,T+7,historical
2026-10-06T08:20:00+0530,DEL-BLR,IndiGo,6E 727,2026-10-13,7,6960,1230,8190,2026-10-06,T+7,historical
2026-10-06T08:20:00+0530,DEL-BLR,SpiceJet,SG 489,2026-10-21,15,6520,1150,7670,2026-10-06,T+15,historical
2026-10-06T08:20:00+0530,DEL-BLR,IndiGo,6E 727,2026-10-21,15,6660,1170,7830,2026-10-06,T+15,historical
2026-10-06T08:20:00+0530,DEL-BLR,Air India Express,IX 260,2026-10-21,15,6700,1180,7880,2026-10-06,T+15,historical
2026-10-06T08:20:00+0530,DEL-BOM,SpiceJet,SG 403,2026-10-07,1,7620,1350,8970,2026-10-06,T+1,historical
2026-10-06T08:20:00+0530,DEL-BOM,IndiGo,6E 531,2026-10-07,1,7720,1360,9080,2026-10-06,T+1,historical
2026-10-06T08:20:00+0530,DEL-BOM,Air India Express,IX 828,2026-10-07,1,7860,1390,9250,2026-10-06,T+1,historical
2026-10-06T08:20:00+0530,DEL-BOM,SpiceJet,SG 403,2026-10-13,7,5750,1020,6770,2026-10-06,T+7,historical
2026-10-06T08:20:00+0530,DEL-BOM,Air India Express,IX 828,2026-10-13,7,6040,1070,7110,2026-10-06,T+7,historical
2026-10-06T08:20:00+0530,DEL-BOM,Akasa Air,QP 598,2026-10-13,7,6390,1130,7520,2026-10-06,T+7,historical
2026-10-06T08:20:00+0530,DEL-BOM,Air India Express,IX 828,2026-10-21,15,4840,850,5690,2026-10-06,T+15,historical
2026-10-06T08:20:00+0530,DEL-BOM,SpiceJet,SG 403,2026-10-21,15,4950,870,5820,2026-10-06,T+15,historical
2026-10-06T08:20:00+0530,DEL-BOM,Akasa Air,QP 598,2026-10-21,15,5150,910,6060,2026-10-06,T+15,historical
2026-10-06T08:20:00+0530,DEL-CCU,IndiGo,6E 351,2026-10-07,1,8170,1440,9610,2026-10-06,T+1,historical
2026-10-06T08:20:00+0530,DEL-CCU,SpiceJet,SG 654,2026-10-07,1,8310,1470,9780,2026-10-06,T+1,historical
2026-10-06T08:20:00+0530,DEL-CCU,Air India Express,IX 344,2026-10-07,1,8490,1500,9990,2026-10-06,T+1,historical
2026-10-06T08:20:00+0530,DEL-CCU,SpiceJet,SG 654,2026-10-13,7,6200,1100,7300,2026-10-06,T+7,historical
2026-10-06T08:20:00+0530,DEL-CCU,IndiGo,6E 351,2026-10-13,7,6380,1130,7510,2026-10-06,T+7,historical
2026-10-06T08:20:00+0530,DEL-CCU,Air India Express,IX 344,2026-10-13,7,6390,1130,7520,2026-10-06,T+7,historical
2026-10-06T08:20:00+0530,DEL-CCU,Air India Express,IX 344,2026-10-21,15,5640,990,6630,2026-10-06,T+15,historical
2026-10-06T08:20:00+0530,DEL-CCU,SpiceJet,SG 654,2026-10-21,15,5800,1020,6820,2026-10-06,T+15,historical
2026-10-06T08:20:00+0530,DEL-CCU,IndiGo,6E 351,2026-10-21,15,6080,1070,7150,2026-10-06,T+15,historical
2026-10-07T08:20:00+0530,BLR-HYD,IndiGo,6E 884,2026-10-08,1,6260,1110,7370,2026-10-07,T+1,historical
2026-10-07T08:20:00+0530,BLR-HYD,SpiceJet,SG 275,2026-10-08,1,6270,1110,7380,2026-10-07,T+1,historical
2026-10-07T08:20:00+0530,BLR-HYD,Akasa Air,QP 698,2026-10-08,1,6720,1190,7910,2026-10-07,T+1,historical
2026-10-07T08:20:00+0530,BLR-HYD,IndiGo,6E 884,2026-10-14,7,4500,800,5300,2026-10-07,T+7,historical
2026-10-07T08:20:00+0530,BLR-HYD,SpiceJet,SG 275,2026-10-14,7,4730,830,5560,2026-10-07,T+7,historical
2026-10-07T08:20:00+0530,BLR-HYD,Akasa Air,QP 698,2026-10-14,7,5070,900,5970,2026-10-07,T+7,historical
2026-10-07T08:20:00+0530,BLR-HYD,SpiceJet,SG 275,2026-10-22,15,3650,640,4290,2026-10-07,T+15,historical
2026-10-07T08:20:00+0530,BLR-HYD,Akasa Air,QP 698,2026-10-22,15,4110,720,4830,2026-10-07,T+15,historical
2026-10-07T08:20:00+0530,BLR-HYD,IndiGo,6E 884,2026-10-22,15,4160,740,4900,2026-10-07,T+15,historical
2026-10-07T08:20:00+0530,BOM-BLR,SpiceJet,SG 587,2026-10-08,1,7760,1370,9130,2026-10-07,T+1,historical
2026-10-07T08:20:00+0530,BOM-BLR,IndiGo,6E 269,2026-10-08,1,7930,1400,9330,2026-10-07,T+1,historical
2026-10-07T08:20:00+0530,BOM-BLR,Akasa Air,QP 603,2026-10-08,1,7970,1410,9380,2026-10-07,T+1,historical
2026-10-07T08:20:00+0530,BOM-BLR,SpiceJet,SG 587,2026-10-14,7,5460,960,6420,2026-10-07,T+7,historical
2026-10-07T08:20:00+0530,BOM-BLR,Air India Express,IX 758,2026-10-14,7,5910,1040,6950,2026-10-07,T+7,historical
2026-10-07T08:20:00+0530,BOM-BLR,IndiGo,6E 269,2026-10-14,7,6290,1110,7400,2026-10-07,T+7,historical
2026-10-07T08:20:00+0530,BOM-BLR,SpiceJet,SG 587,2026-10-22,15,4020,710,4730,2026-10-07,T+15,historical
2026-10-07T08:20:00+0530,BOM-BLR,IndiGo,6E 269,2026-10-22,15,4070,720,4790,2026-10-07,T+15,historical
2026-10-07T08:20:00+0530,BOM-BLR,Air India Express,IX 758,2026-10-22,15,4320,760,5080,2026-10-07,T+15,historical
2026-10-07T08:20:00+0530,DEL-BLR,SpiceJet,SG 191,2026-10-08,1,10110,1780,11890,2026-10-07,T+1,historical
2026-10-07T08:20:00+0530,DEL-BLR,Air India Express,IX 448,2026-10-08,1,10200,1800,12000,2026-10-07,T+1,historical
2026-10-07T08:20:00+0530,DEL-BLR,IndiGo,6E 297,2026-10-08,1,10360,1830,12190,2026-10-07,T+1,historical
2026-10-07T08:20:00+0530,DEL-BLR,IndiGo,6E 297,2026-10-14,7,8130,1430,9560,2026-10-07,T+7,historical
2026-10-07T08:20:00+0530,DEL-BLR,SpiceJet,SG 191,2026-10-14,7,8190,1450,9640,2026-10-07,T+7,historical
2026-10-07T08:20:00+0530,DEL-BLR,Air India Express,IX 448,2026-10-14,7,8220,1450,9670,2026-10-07,T+7,historical
2026-10-07T08:20:00+0530,DEL-BLR,SpiceJet,SG 191,2026-10-22,15,6130,1080,7210,2026-10-07,T+15,historical
2026-10-07T08:20:00+0530,DEL-BLR,Akasa Air,QP 139,2026-10-22,15,6600,1160,7760,2026-10-07,T+15,historical
2026-10-07T08:20:00+0530,DEL-BLR,Air India Express,IX 448,2026-10-22,15,6620,1170,7790,2026-10-07,T+15,historical
2026-10-07T08:20:00+0530,DEL-BOM,SpiceJet,SG 350,2026-10-08,1,7800,1380,9180,2026-10-07,T+1,historical
2026-10-07T08:20:00+0530,DEL-BOM,Air India Express,IX 141,2026-10-08,1,8240,1450,9690,2026-10-07,T+1,historical
2026-10-07T08:20:00+0530,DEL-BOM,IndiGo,6E 555,2026-10-08,1,8250,1460,9710,2026-10-07,T+1,historical
2026-10-07T08:20:00+0530,DEL-BOM,SpiceJet,SG 350,2026-10-14,7,5170,910,6080,2026-10-07,T+7,historical
2026-10-07T08:20:00+0530,DEL-BOM,Air India Express,IX 141,2026-10-14,7,5280,930,6210,2026-10-07,T+7,historical
2026-10-07T08:20:00+0530,DEL-BOM,IndiGo,6E 555,2026-10-14,7,5650,1000,6650,2026-10-07,T+7,historical
2026-10-07T08:20:00+0530,DEL-BOM,SpiceJet,SG 350,2026-10-22,15,4960,880,5840,2026-10-07,T+15,historical
2026-10-07T08:20:00+0530,DEL-BOM,IndiGo,6E 555,2026-10-22,15,5180,920,6100,2026-10-07,T+15,historical
2026-10-07T08:20:00+0530,DEL-BOM,Air India Express,IX 141,2026-10-22,15,5520,970,6490,2026-10-07,T+15,historical
2026-10-07T08:20:00+0530,DEL-CCU,SpiceJet,SG 771,2026-10-08,1,9210,1630,10840,2026-10-07,T+1,historical
2026-10-07T08:20:00+0530,DEL-CCU,Air India Express,IX 879,2026-10-08,1,9500,1680,11180,2026-10-07,T+1,historical
2026-10-07T08:20:00+0530,DEL-CCU,IndiGo,6E 902,2026-10-08,1,10340,1830,12170,2026-10-07,T+1,historical
2026-10-07T08:20:00+0530,DEL-CCU,Air India Express,IX 879,2026-10-14,7,6250,1100,7350,2026-10-07,T+7,historical
2026-10-07T08:20:00+0530,DEL-CCU,SpiceJet,SG 771,2026-10-14,7,6510,1150,7660,2026-10-07,T+7,historical
2026-10-07T08:20:00+0530,DEL-CCU,Akasa Air,QP 315,2026-10-14,7,6620,1170,7790,2026-10-07,T+7,historical
2026-10-07T08:20:00+0530,DEL-CCU,Akasa Air,QP 315,2026-10-22,15,5670,1000,6670,2026-10-07,T+15,historical
2026-10-07T08:20:00+0530,DEL-CCU,Air India Express,IX 879,2026-10-22,15,5680,1000,6680,2026-10-07,T+15,historical
2026-10-07T08:20:00+0530,DEL-CCU,SpiceJet,SG 771,2026-10-22,15,5740,1010,6750,2026-10-07,T+15,historical
2026-10-08T08:20:00+0530,BLR-HYD,SpiceJet,SG 778,2026-10-09,1,6660,1170,7830,2026-10-08,T+1,historical
2026-10-08T08:20:00+0530,BLR-HYD,IndiGo,6E 905,2026-10-09,1,7010,1240,8250,2026-10-08,T+1,historical
2026-10-08T08:20:00+0530,BLR-HYD,Akasa Air,QP 330,2026-10-09,1,7410,1310,8720,2026-10-08,T+1,historical
2026-10-08T08:20:00+0530,BLR-HYD,SpiceJet,SG 778,2026-10-15,7,4840,860,5700,2026-10-08,T+7,historical
2026-10-08T08:20:00+0530,BLR-HYD,IndiGo,6E 905,2026-10-15,7,4870,860,5730,2026-10-08,T+7,historical
2026-10-08T08:20:00+0530,BLR-HYD,Akasa Air,QP 330,2026-10-15,7,5200,920,6120,2026-10-08,T+7,historical
2026-10-08T08:20:00+0530,BLR-HYD,SpiceJet,SG 778,2026-10-23,15,4210,740,4950,2026-10-08,T+15,historical
2026-10-08T08:20:00+0530,BLR-HYD,Akasa Air,QP 330,2026-10-23,15,4280,760,5040,2026-10-08,T+15,historical
2026-10-08T08:20:00+0530,BLR-HYD,IndiGo,6E 905,2026-10-23,15,4560,810,5370,2026-10-08,T+15,historical
2026-10-08T08:20:00+0530,BOM-BLR,Air India Express,IX 350,2026-10-09,1,8710,1540,10250,2026-10-08,T+1,historical
2026-10-08T08:20:00+0530,BOM-BLR,SpiceJet,SG 241,2026-10-09,1,8810,1560,10370,2026-10-08,T+1,historical
2026-10-08T08:20:00+0530,BOM-BLR,Akasa Air,QP 308,2026-10-09,1,8990,1590,10580,2026-10-08,T+1,historical
2026-10-08T08:20:00+0530,BOM-BLR,Air India Express,IX 350,2026-10-15,7,4970,880,5850,2026-10-08,T+7,historical
2026-10-08T08:20:00+0530,BOM-BLR,SpiceJet,SG 241,2026-10-15,7,5100,900,6000,2026-10-08,T+7,historical
2026-10-08T08:20:00+0530,BOM-BLR,Akasa Air,QP 308,2026-10-15,7,5340,940,6280,2026-10-08,T+7,historical
2026-10-08T08:20:00+0530,BOM-BLR,SpiceJet,SG 241,2026-10-23,15,4490,790,5280,2026-10-08,T+15,historical
2026-10-08T08:20:00+0530,BOM-BLR,Air India Express,IX 350,2026-10-23,15,4980,880,5860,2026-10-08,T+15,historical
2026-10-08T08:20:00+0530,BOM-BLR,IndiGo,6E 835,2026-10-23,15,5150,910,6060,2026-10-08,T+15,historical
2026-10-08T08:20:00+0530,DEL-BLR,SpiceJet,SG 734,2026-10-09,1,10150,1790,11940,2026-10-08,T+1,historical
2026-10-08T08:20:00+0530,DEL-BLR,Air India Express,IX 954,2026-10-09,1,10910,1920,12830,2026-10-08,T+1,historical
2026-10-08T08:20:00+0530,DEL-BLR,Akasa Air,QP 716,2026-10-09,1,11030,1950,12980,2026-10-08,T+1,historical
2026-10-08T08:20:00+0530,DEL-BLR,SpiceJet,SG 734,2026-10-15,7,6940,1220,8160,2026-10-08,T+7,historical
2026-10-08T08:20:00+0530,DEL-BLR,Air India Express,IX 954,2026-10-15,7,6950,1230,8180,2026-10-08,T+7,historical
2026-10-08T08:20:00+0530,DEL-BLR,IndiGo,6E 556,2026-10-15,7,7140,1260,8400,2026-10-08,T+7,historical
2026-10-08T08:20:00+0530,DEL-BLR,SpiceJet,SG 734,2026-10-23,15,6230,1100,7330,2026-10-08,T+15,historical
2026-10-08T08:20:00+0530,DEL-BLR,IndiGo,6E 556,2026-10-23,15,6400,1130,7530,2026-10-08,T+15,historical
2026-10-08T08:20:00+0530,DEL-BLR,Air India Express,IX 954,2026-10-23,15,6600,1170,7770,2026-10-08,T+15,historical
2026-10-08T08:20:00+0530,DEL-BOM,Air India Express,IX 147,2026-10-09,1,7700,1360,9060,2026-10-08,T+1,historical
2026-10-08T08:20:00+0530,DEL-BOM,SpiceJet,SG 477,2026-10-09,1,7720,1360,9080,2026-10-08,T+1,historical
2026-10-08T08:20:00+0530,DEL-BOM,IndiGo,6E 479,2026-10-09,1,8020,1420,9440,2026-10-08,T+1,historical
2026-10-08T08:20:00+0530,DEL-BOM,SpiceJet,SG 477,2026-10-15,7,6060,1070,7130,2026-10-08,T+7,historical
2026-10-08T08:20:00+0530,DEL-BOM,Akasa Air,QP 396,2026-10-15,7,6600,1170,7770,2026-10-08,T+7,historical
2026-10-08T08:20:00+0530,DEL-BOM,Air India Express,IX 147,2026-10-15,7,6660,1170,7830,2026-10-08,T+7,historical
2026-10-08T08:20:00+0530,DEL-BOM,Air India Express,IX 147,2026-10-23,15,5510,970,6480,2026-10-08,T+15,historical
2026-10-08T08:20:00+0530,DEL-BOM,IndiGo,6E 479,2026-10-23,15,5520,970,6490,2026-10-08,T+15,historical
2026-10-08T08:20:00+0530,DEL-BOM,SpiceJet,SG 477,2026-10-23,15,5680,1000,6680,2026-10-08,T+15,historical
2026-10-08T08:20:00+0530,DEL-CCU,Air India Express,IX 911,2026-10-09,1,9780,1730,11510,2026-10-08,T+1,historical
2026-10-08T08:20:00+0530,DEL-CCU,IndiGo,6E 629,2026-10-09,1,10280,1810,12090,2026-10-08,T+1,historical
2026-10-08T08:20:00+0530,DEL-CCU,SpiceJet,SG 214,2026-10-09,1,10390,1830,12220,2026-10-08,T+1,historical
2026-10-08T08:20:00+0530,DEL-CCU,Air India Express,IX 911,2026-10-15,7,6310,1110,7420,2026-10-08,T+7,historical
2026-10-08T08:20:00+0530,DEL-CCU,SpiceJet,SG 214,2026-10-15,7,6460,1140,7600,2026-10-08,T+7,historical
2026-10-08T08:20:00+0530,DEL-CCU,Akasa Air,QP 385,2026-10-15,7,6850,1210,8060,2026-10-08,T+7,historical
2026-10-08T08:20:00+0530,DEL-CCU,SpiceJet,SG 214,2026-10-23,15,5500,970,6470,2026-10-08,T+15,historical
2026-10-08T08:20:00+0530,DEL-CCU,IndiGo,6E 629,2026-10-23,15,5830,1030,6860,2026-10-08,T+15,historical
2026-10-08T08:20:00+0530,DEL-CCU,Air India Express,IX 911,2026-10-23,15,5920,1050,6970,2026-10-08,T+15,historical
2026-10-09T09:12:06+0530,BLR-HYD,IndiGo,6E 500,2026-10-10,1,5930,1050,6980,2026-10-09,T+1,live
2026-10-09T09:12:06+0530,BLR-HYD,SpiceJet,SG 605,2026-10-10,1,6120,1080,7200,2026-10-09,T+1,live
2026-10-09T09:12:06+0530,BLR-HYD,Akasa Air,QP 600,2026-10-10,1,6500,1150,7650,2026-10-09,T+1,live
2026-10-09T09:12:06+0530,BLR-HYD,SpiceJet,SG 605,2026-10-16,7,4050,720,4770,2026-10-09,T+7,live
2026-10-09T09:12:06+0530,BLR-HYD,IndiGo,6E 500,2026-10-16,7,4090,720,4810,2026-10-09,T+7,live
2026-10-09T09:12:06+0530,BLR-HYD,Akasa Air,QP 600,2026-10-16,7,4630,820,5450,2026-10-09,T+7,live
2026-10-09T09:12:06+0530,BLR-HYD,SpiceJet,SG 605,2026-10-24,15,3660,640,4300,2026-10-09,T+15,live
2026-10-09T09:12:06+0530,BLR-HYD,IndiGo,6E 500,2026-10-24,15,3660,650,4310,2026-10-09,T+15,live
2026-10-09T09:12:06+0530,BLR-HYD,Akasa Air,QP 600,2026-10-24,15,3820,680,4500,2026-10-09,T+15,live
2026-10-09T09:12:06+0530,BOM-BLR,SpiceJet,SG 136,2026-10-10,1,6760,1190,7950,2026-10-09,T+1,live
2026-10-09T09:12:06+0530,BOM-BLR,IndiGo,6E 443,2026-10-10,1,7110,1260,8370,2026-10-09,T+1,live
2026-10-09T09:12:06+0530,BOM-BLR,Air India Express,IX 696,2026-10-10,1,7370,1300,8670,2026-10-09,T+1,live
2026-10-09T09:12:06+0530,BOM-BLR,SpiceJet,SG 136,2026-10-16,7,5440,960,6400,2026-10-09,T+7,live
2026-10-09T09:12:06+0530,BOM-BLR,Air India Express,IX 696,2026-10-16,7,5510,970,6480,2026-10-09,T+7,live
2026-10-09T09:12:06+0530,BOM-BLR,IndiGo,6E 443,2026-10-16,7,5760,1020,6780,2026-10-09,T+7,live
2026-10-09T09:12:06+0530,BOM-BLR,SpiceJet,SG 136,2026-10-24,15,4490,790,5280,2026-10-09,T+15,live
2026-10-09T09:12:06+0530,BOM-BLR,Akasa Air,QP 866,2026-10-24,15,4490,790,5280,2026-10-09,T+15,live
2026-10-09T09:12:06+0530,BOM-BLR,IndiGo,6E 443,2026-10-24,15,4590,810,5400,2026-10-09,T+15,live
2026-10-09T09:12:06+0530,DEL-BLR,SpiceJet,SG 517,2026-10-10,1,9270,1640,10910,2026-10-09,T+1,live
2026-10-09T09:12:06+0530,DEL-BLR,Air India Express,IX 849,2026-10-10,1,9630,1700,11330,2026-10-09,T+1,live
2026-10-09T09:12:06+0530,DEL-BLR,IndiGo,6E 494,2026-10-10,1,9800,1730,11530,2026-10-09,T+1,live
2026-10-09T09:12:06+0530,DEL-BLR,SpiceJet,SG 517,2026-10-16,7,7210,1270,8480,2026-10-09,T+7,live
2026-10-09T09:12:06+0530,DEL-BLR,IndiGo,6E 494,2026-10-16,7,7540,1330,8870,2026-10-09,T+7,live
2026-10-09T09:12:06+0530,DEL-BLR,Air India Express,IX 849,2026-10-16,7,7850,1380,9230,2026-10-09,T+7,live
2026-10-09T09:12:06+0530,DEL-BLR,SpiceJet,SG 517,2026-10-24,15,6320,1120,7440,2026-10-09,T+15,live
2026-10-09T09:12:06+0530,DEL-BLR,Air India Express,IX 849,2026-10-24,15,6360,1120,7480,2026-10-09,T+15,live
2026-10-09T09:12:06+0530,DEL-BLR,IndiGo,6E 494,2026-10-24,15,6480,1140,7620,2026-10-09,T+15,live
2026-10-09T09:12:06+0530,DEL-BOM,SpiceJet,SG 728,2026-10-10,1,8240,1450,9690,2026-10-09,T+1,live
2026-10-09T09:12:06+0530,DEL-BOM,Air India Express,IX 615,2026-10-10,1,8250,1460,9710,2026-10-09,T+1,live
2026-10-09T09:12:06+0530,DEL-BOM,IndiGo,6E 621,2026-10-10,1,8310,1470,9780,2026-10-09,T+1,live
2026-10-09T09:12:06+0530,DEL-BOM,IndiGo,6E 621,2026-10-16,7,5890,1040,6930,2026-10-09,T+7,live
2026-10-09T09:12:06+0530,DEL-BOM,Akasa Air,QP 935,2026-10-16,7,5970,1050,7020,2026-10-09,T+7,live
2026-10-09T09:12:06+0530,DEL-BOM,Air India Express,IX 615,2026-10-16,7,5980,1050,7030,2026-10-09,T+7,live
2026-10-09T09:12:06+0530,DEL-BOM,IndiGo,6E 621,2026-10-24,15,4990,880,5870,2026-10-09,T+15,live
2026-10-09T09:12:06+0530,DEL-BOM,SpiceJet,SG 728,2026-10-24,15,5010,880,5890,2026-10-09,T+15,live
2026-10-09T09:12:06+0530,DEL-BOM,Air India Express,IX 615,2026-10-24,15,5020,880,5900,2026-10-09,T+15,live
2026-10-09T09:12:06+0530,DEL-CCU,Air India Express,IX 258,2026-10-10,1,8220,1450,9670,2026-10-09,T+1,live
2026-10-09T09:12:06+0530,DEL-CCU,SpiceJet,SG 110,2026-10-10,1,8240,1450,9690,2026-10-09,T+1,live
2026-10-09T09:12:06+0530,DEL-CCU,IndiGo,6E 561,2026-10-10,1,8840,1560,10400,2026-10-09,T+1,live
2026-10-09T09:12:06+0530,DEL-CCU,Air India Express,IX 258,2026-10-16,7,5920,1050,6970,2026-10-09,T+7,live
2026-10-09T09:12:06+0530,DEL-CCU,Akasa Air,QP 982,2026-10-16,7,6240,1100,7340,2026-10-09,T+7,live
2026-10-09T09:12:06+0530,DEL-CCU,SpiceJet,SG 110,2026-10-16,7,6260,1100,7360,2026-10-09,T+7,live
2026-10-09T09:12:06+0530,DEL-CCU,IndiGo,6E 561,2026-10-24,15,5070,890,5960,2026-10-09,T+15,live
2026-10-09T09:12:06+0530,DEL-CCU,SpiceJet,SG 110,2026-10-24,15,5230,920,6150,2026-10-09,T+15,live
2026-10-09T09:12:06+0530,DEL-CCU,Air India Express,IX 258,2026-10-24,15,5520,970,6490,2026-10-09,T+15,live
